store_id,chain_id,store_name,city,city_norm,proposed_canonical,action,match_layer,confidence
2031,7290027600007,784 - BE כפר גנים,כפר גנים,כפרגנים,כפר גלים,,L3,0.875
2038,7290027600007,111 - יש חסד טבריה עלית-לב האג,טבריה,טבריה,טבריה,,L1,1
2047,7290027600007,593 - יש חסד באר טוביה,באר טוביה,בארטוביה,באר טוביה,,L1,1
1326,7290027600007,606 - יש חסד בית שמש- מ. מסחרי,בית שמש,בית שמש,בית שמש,,L1,1
2053,7290027600007,611 - יש חסד בני ברק- השומר,בני ברק,בני ברק,בני ברק,,L1,1
324,7290027600007,70 - שלי רמת גן- מרום נווה,רמת גן,רמת גן,רמת גן,,L1,1
328,7290027600007,101 - שלי הוד השרון- ק מרגלית,הוד השרון,הוד השרון,הוד השרון,,L1,1
329,7290027600007,102 - שלי פרדסיה- הנשיא,פרדסיה,פרדסיה,פרדסייה,,L3,0.923
330,7290027600007,103 - שלי שוהם- מרכז מסחרי,שוהם,שוהם,שוהם,,L1,1
331,7290027600007,"104 - שלי פ""ת- גדמכנס",פתח תקווה,פתח תקווה,פתח תקווה,,L1,1
332,7290027600007,109 - שלי ראש העין- ז'בוטינסקי,ראש העין,ראש העין,ראש העין,,L1,1
557,7290027600007,287 - שלי גבעתיים-שביט,גבעתיים,גבעתיים,גבעתיים,,L1,1
558,7290027600007,319 - שלי עכו- שפירא,עכו,עכו,עכו,,L1,1
351,7290027600007,326 - שלי נהריה- הגעתון,נהריה,נהריה,נהרייה,,L3,0.909
355,7290027600007,343 - שלי ראש העין- ברקן,ראש העין,ראש העין,ראש העין,,L1,1
356,7290027600007,365 - שלי פרדס חנה כרכור- קדמה,פרדס חנה כרכור,פרדסחנהכרכור,פרדס חנה-כרכור,,L3,0.929
357,7290027600007,366 - שלי כפר ורדים- מרכז מסחר,כפר ורדים,כפרורדים,כפר ורדים,,L1,1
358,7290027600007,369 - שלי שוהם- תרשיש,שוהם,שוהם,שוהם,,L1,1
559,7290027600007,45 - דיל ירושלים- תלפיות,ירושלים,ירושלים,ירושלים,,L1,1
374,7290027600007,89 - דיל עזריאלי - רמלה,רמלה,רמלה,רמלה,,L1,1
938,7290803800003,יוחננוף ישן,,,,delete,NULL,0
942,7290803800003,אחד העם,תל אביב,תל אביב,תל אביב-יפו,,L2,1
376,7290027600007,92 - דיל אשדוד- שבט לוי,אשדוד,אשדוד,אשדוד,,L1,1
377,7290027600007,95 - דיל חדרה- קניון אורות,חדרה,חדרה,חדרה,,L1,1
379,7290027600007,97 - דיל קרית שמונה- מתחם ביג,קרית שמונה,קריתשמונה,קריית שמונה,,L3,0.952
380,7290027600007,98 - דיל קרית טבעון- אלונים,קרית טבעון,קריתטבעון,קריית טבעון,,L3,0.952
381,7290027600007,"105 - דיל פ""ת- אליעזרפרדימן",פתח תקווה,פתח תקווה,פתח תקווה,,L1,1
560,7290027600007,130 - דיל נתניה- קלאוזנר עמליה,נתניה,נתניה,נתניה,,L1,1
8404,7290055700007,קרפור מרקט  לה גרדיה,תל אביב-יפו,תל אביב,תל אביב-יפו,,L1,1
17075,7290873255550,נתניה,נתניה,נתניה,נתניה,,L1,1
15650,7290027600007,734 - גוד מרקט גאולה חיפה,חיפה,חיפה,חיפה,,L1,1
17,7290696200003,גני תקווה,גני תקווה,גני תקווה,גני תקווה,,L1,1
25,7290696200003,חולון קוגל,חולון,חולון,חולון,,L1,1
26,7290696200003,ברנע,ברנע,ברנע,אשקלון,,NULL,0
27,7290696200003,רעננה אחוזה 158,רעננה,רעננה,רעננה,,L1,1
31,7290696200003,עפולה רכבת,עפולה,עפולה,עפולה,,L1,1
4574,7290027600007,413 - שופרסל ONLINE,אונליין,אונליין,אונליין,,NULL,0
17076,7290873255550,אשדוד,אשדוד,אשדוד,אשדוד,,L1,1
17077,7290873255550,בת ים,בת ים,בת ים,בת ים,,L1,1
35,7290696200003,רמת ישי,רמת ישי,רמת ישי,רמת ישי,,L1,1
18799,7290058134977,2 בן ציון ברוק,ביתר עילית,ביתר עילית,ביתר עילית,,L1,1
18804,7290058134977,17 אגן האיילות ג. זאב,ירושלים,ירושלים,ירושלים,,L1,1
1762,7290027600007,,,,,delete,NULL,0
17078,7290873255550,אשקלון,אשקלון,אשקלון,אשקלון,,L1,1
17079,7290873255550,כרמיאל,כרמיאל,כרמיאל,כרמיאל,,L1,1
18821,7290058134977,38 שמאי אלעד,אלעד,אלעד,אלעד,,L1,1
1882,7290027600007,177 - דיל מצפה רמון- בן גוריון,מצפה רמון,מצפהרמון,מצפה רמון,,L1,1
1887,7290027600007,"184 - דיל ראשל""צ- זבוטינסקי",ראשון לציון,ראשוןלציון,ראשון לציון,,L1,1
17080,7290873255550,חוצות המפרץ (קריות),חיפה,חיפה,חיפה,,L1,1
1949,7290027600007,298 -  BE אמות באר שבע,באר שבע,באר שבע,באר שבע,,L1,1
1979,7290027600007,643 - BE פתח תקוה,פתח תקוה,פתחתקוה,פתח תקווה,,L2,1
1980,7290027600007,645 - BE גבעת שמואל,גבעת שמואל,גבעתשמואל,גבעת שמואל,,L1,1
2008,7290027600007,682 - BE כפר סבא צפון,כפר סבא,כפר סבא,כפר סבא,,L1,1
316,7290027600007,38 - שלי חיפה- דניה,חיפה,חיפה,חיפה,,L1,1
2109,7290058140886,בזק מחסני מזון,ירושלים,ירושלים,ירושלים,,L1,1
2116,7290058140886,מודיעין חדש,מודיעין,מודיעין,מודיעין-מכבים-רעות,,NULL,0
2120,7290058140886,טבריה,טבריה,טבריה,טבריה,,L1,1
2121,7290058140886,נשר,נשר,נשר,נשר,,L1,1
18822,7290058134977,39 מודיעין עילית,מודיעין עילית,מודיעין עילית,מודיעין עילית,,L1,1
2100,7290027600007,,חיפה,חיפה,חיפה,,L1,1
2122,7290058140886,רמת גן  איילון,בני ברק,בני ברק,בני ברק,,L1,1
2123,7290058140886,ראש העין,ראש העין,ראש העין,ראש העין,,L1,1
2127,7290058140886,גוש עציון,גוש עציון,גוש עציון,גוש עציון,,L2,1
2133,7290058140886,פרדס חנה ביג,פרדס חנה,פרדס חנה,פרדס חנה-כרכור,,L2,1
2143,7290058140886,מרלוג אינטרנט,בני ברק,בני ברק,בני ברק,,L1,1
2146,7290058140886,לוד,לוד,לוד,לוד,,L1,1
2157,7290058140886,אשקלון צפון,אשקלון,אשקלון,אשקלון,,L1,1
2164,7290058140886,אור עקיבא,חיפה,חיפה,חיפה,,L1,1
36,7290696200003,קרית מלאכי,קרית מלאכי,קרית מלאכי,קריית מלאכי,,L3,0.952
37,7290696200003,קרית גת,קרית גת,קרית גת,קריית גת,,L3,0.933
18770,7290058108879,7 סכנין,סכנין,סכנין,סח'נין,,L2,1
484,7290027600007,,הוד השרון,הוד השרון,הוד השרון,,L1,1
17082,7290873255550,באר שבע חדש,באר שבע,באר שבע,באר שבע,,L1,1
17083,7290873255550,מודיעין ישפרו,מודיעין-מכבים-רעות,מודיעין,מודיעין-מכבים-רעות,,L1,1
18769,7290058108879,6 שפרעם,שפרעם,שפרעם,שפרעם,,L1,1
17084,7290873255550,רחובות,רחובות,רחובות,רחובות,,L1,1
17104,7290873255550,פנקס 2,תל אביב-יפו,תל אביב,תל אביב-יפו,,L1,1
17110,7290873255550,מרכז כיתן,תל אביב-יפו,תל אביב,תל אביב-יפו,,L1,1
937,7290803800003,יוחננוף מפוח,רחובות,רחובות,רחובות,,L1,1
940,7290803800003,אשדוד,אשדוד,אשדוד,אשדוד,,L1,1
17117,7290873255550,מחניים,חיפה,חיפה,חיפה,,L1,1
862,7290103152017,קרית ים,קריית ים,קריית ים,קריית ים,,L1,1
18775,7290058108879,13 קאסם,כפר קאסם,כפר קאסם,כפר קאסם,,L1,1
18776,7290058108879,14 כבאביר חיפה,חיפה,חיפה,חיפה,,L1,1
18777,7290058108879,15 כרמיאל,כרמיאל,כרמיאל,כרמיאל,,L1,1
18784,7290058108879,28 מיני קינגסטור רהט,רהט,רהט,רהט,,L1,1
10765,7290027600007,843 - גוד מרקט בית שמש,,,בית שמש,,L2,1
38,7290696200003,יבנה,יבנה,יבנה,יבנה,,L1,1
16,7290696200003,שער העליה,חיפה,חיפה,חיפה,,L1,1
18,7290696200003,רמת גן,רמת גן,רמת גן,רמת גן,,L1,1
23,7290696200003,קניון אשדוד,אשדוד,אשדוד,אשדוד,,L1,1
24,7290696200003,מבשרת ציון,מבשרת ציון,מבשרת ציון,מבשרת ציון,,L1,1
33,7290696200003,מודיעין,מודיעין,מודיעין,מודיעין-מכבים-רעות,,NULL,0
40,7290696200003,כפר יונה,כפר יונה,כפר יונה,כפר יונה,,L1,1
41,7290696200003,עפולה,עפולה,עפולה,עפולה,,L1,1
42,7290696200003,חולון התנאים,חולון,חולון,חולון,,L1,1
48,7290696200003,ראשון מזרח,ראשון מזרח,ראשון מזרח,ראשון לציון,,NULL,0
52,7290696200003,בת ים,בת ים,בת ים,בת ים,,L1,1
53,7290696200003,"לוד נתב""ג",לוד,לוד,לוד,,L1,1
57,7290696200003,נס ציונה,נס ציונה,נס ציונה,נס ציונה,,L1,1
58,7290696200003,רחובות,רחובות,רחובות,רחובות,,L1,1
946,7290803800003,אור יהודה,אור יהודה,אור יהודה,אור יהודה,,L1,1
10052,7290027600007,579 - אקספרס סביון,סביון,סביון,סביון,,L1,1
520,7290027600007,595 - אקספרס בת חפר,בת חפר,בתחפר,בת חפר,,L1,1
1758,7290027600007,615 - BE כפר סבא,כפר סבא,כפר סבא,כפר סבא,,L1,1
2124,7290058140886,אדמרליטי,חיפה,חיפה,חיפה,,L1,1
2125,7290058140886,זכרון יעקב,זכרון יעקב,זכרון יעקב,זכרון יעקב,,L1,1
2126,7290058140886,כנפי נשרים,ירושלים,ירושלים,ירושלים,,L1,1
2128,7290058140886,נתניה,נתניה,נתניה,נתניה,,L1,1
2134,7290058140886,קדימה,קדימה-צורן,קדימה-צורן,קדימה-צורן,,L1,1
2136,7290058140886,נהריה,נהרייה,נהרייה,נהרייה,,L1,1
2194,7290058140886,שטמפפר פתח תקווה,פתח תקווה,פתח תקווה,פתח תקווה,,L1,1
2195,7290058140886,רוטשילד פתח תקווה,פתח תקווה,פתח תקווה,פתח תקווה,,L1,1
2201,7290058140886,אחוזה רעננה,רעננה,רעננה,רעננה,,L1,1
45,7290696200003,באר שבע,באר שבע,באר שבע,באר שבע,,L1,1
46,7290696200003,רעננה פארק,רעננה,רעננה,רעננה,,L1,1
17085,7290873255550,רמת החייל,תל אביב-יפו,תל אביב,תל אביב-יפו,,L1,1
65,7290696200003,שוהם,שוהם,שוהם,שוהם,,L1,1
954,7290803800003,טבריה,טבריה,טבריה,טבריה,,L1,1
955,7290803800003,כפר סבא,כפר סבא,כפר סבא,כפר סבא,,L1,1
956,7290803800003,נס ציונה,נס ציונה,נס ציונה,נס ציונה,,L1,1
957,7290803800003,רמת השרון,רמת השרון,רמת השרון,רמת השרון,,L1,1
958,7290803800003,יד אליהו,תל אביב,תל אביב,תל אביב-יפו,,L2,1
963,7290803800003,בן צבי תל אביב,תל אביב,תל אביב,תל אביב-יפו,,L2,1
975,7290803800003,אשדות יעקב,אשדות יעקב,אשדות יעקב,אשדות יעקב (מאוחד),,L2,1
17086,7290873255550,חולון עזריאלי,חולון,חולון,חולון,,L1,1
184,7290055700007,קרפור טמרה,טמרה,טמרה,טמרה,,L1,1
170,7290055700007,קרפור רמלה לוין,רמלה,רמלה,רמלה,,L1,1
177,7290055700007,קרפור מרקט ריינס,ירושלים,ירושלים,ירושלים,,L1,1
179,7290055700007,קרפור סיטי  פנקס,תל אביב-יפו,תל אביב,תל אביב-יפו,,L1,1
10749,7290027600007,,קריית גת,קריית גת,קריית גת,,L1,1
180,7290055700007,קרפור סיטי  כיכר דיזינגוף,תל אביב-יפו,תל אביב,תל אביב-יפו,,L1,1
185,7290055700007,מרקט בית שמש האמוראי,בית שמש,בית שמש,בית שמש,,L1,1
188,7290055700007,היפר עפולה,עפולה,עפולה,עפולה,,L1,1
189,7290055700007,היפר נתיבות מרכז,נתיבות,נתיבות,נתיבות,,L1,1
190,7290055700007,היפר ירושלים תלפיות,ירושלים,ירושלים,ירושלים,,L1,1
191,7290055700007,קרפור קרית שמונה,קריית שמונה,קריית שמונה,קריית שמונה,,L1,1
200,7290055700007,קרפור סיטי  נאות רחל,חולון,חולון,חולון,,L1,1
201,7290055700007,קרפור סיטי  נאות אפקה,תל אביב-יפו,תל אביב,תל אביב-יפו,,L1,1
202,7290055700007,קרפור סיטי  נאות שושנים,חולון,חולון,חולון,,L1,1
203,7290055700007,קרפור סיטי  הצרכנייה אשדוד ד,אשדוד,אשדוד,אשדוד,,L1,1
204,7290055700007,קרפור הרואה רמת גן,רמת גן,רמת גן,רמת גן,,L1,1
18801,7290058134977,"5 החיד""א",ביתר עילית,ביתר עילית,ביתר עילית,,L1,1
205,7290055700007,קרפור רווה רמת גן,רמת גן,רמת גן,רמת גן,,L1,1
206,7290055700007,קרפור סיטי דימונה,דימונה,דימונה,דימונה,,L1,1
213,7290055700007,קרפור סיטי  רמת אפעל,תל אביב-יפו,תל אביב,תל אביב-יפו,,L1,1
181,7290055700007,סינמה סיטי,באר שבע,באר שבע,באר שבע,,L1,1
5696,7290027600007,,ירושלים,ירושלים,ירושלים,,L1,1
18779,7290058108879,17 יפיע,יפיע,יפיע,יפיע,,L1,1
18781,7290058108879,19 רמלה,רמלה,רמלה,רמלה,,L1,1
18782,7290058108879,26 רהט סבן,רהט,רהט,רהט,,L1,1
214,7290055700007,קרפור מרכז רעננה,רעננה,רעננה,רעננה,,L1,1
215,7290055700007,קרפור גולן רעננה,רעננה,רעננה,רעננה,,L1,1
216,7290055700007,קרפור סיטי  קרית שרת,רעננה,רעננה,רעננה,,L1,1
2035,7290027600007,62 - יש חסד רכסים,רכסים,רכסים,רכסים,,L1,1
2039,7290027600007,"133 - יש חסד ביתר עילית-  הר""ן",ביתר עילית,ביתר עילית,ביתר עילית,,L1,1
2041,7290027600007,234 - יש חסד רסידו,בית שמש,ביתשמש,בית שמש,,L1,1
1974,7290027600007,638 - BE   משמר השרון,משמר השרון,משמרהשרון,משמר השרון,,L1,1
18802,7290058134977,6 יואל,ירושלים,ירושלים,ירושלים,,L1,1
2108,7290058140886,תלפיות,ירושלים,ירושלים,ירושלים,,L1,1
2110,7290058140886,רמות,ירושלים,ירושלים,ירושלים,,L1,1
2111,7290058140886,רב מכר,ירושלים,ירושלים,ירושלים,,L1,1
2112,7290058140886,מישור אדומים,מישור אדומים,מישור אדומים,ירושלים,,NULL,0
2113,7290058140886,מבשרת,מבשרת ציון,מבשרת ציון,מבשרת ציון,,L1,1
2114,7290058140886,שער בנימין,שער בנימין,שער בנימין,ירושלים,,NULL,0
2117,7290058140886,עפולה,עפולה,עפולה,עפולה,,L1,1
2118,7290058140886,ביתר עלית,ביתר עילית,ביתר עילית,ביתר עילית,,L1,1
47,7290696200003,צור יצחק,צור יצחק,צור יצחק,צור יצחק,,L1,1
49,7290696200003,בית שאן,בית שאן,בית שאן,בית שאן,,L1,1
66,7290696200003,נתיבות,נתיבות,נתיבות,נתיבות,,L1,1
67,7290696200003,חריש,חריש,חריש,חריש,,L1,1
69,7290696200003,אשקלון מרכז,אשקלון,אשקלון,אשקלון,,L1,1
70,7290696200003,קרית אתא,קרית אתא,קרית אתא,קריית אתא,,L3,0.941
939,7290803800003,בילו,בילו,בילו,קריית עקרון,,NULL,0
941,7290803800003,עקרון,עקרון,עקרון,קריית עקרון,,NULL,0
171,7290055700007,יינות ביתן טבעון,קרית טבעון,קרית טבעון,קריית טבעון,,L3,0.952
174,7290055700007,קרפור סיטי  מתן,מתן,מתן,מתן,,L1,1
217,7290055700007,קרפור סיטי  ותיקים רעננה,רעננה,רעננה,רעננה,,L1,1
218,7290055700007,קרפור סיטי  מרכז נתניה,נתניה,נתניה,נתניה,,L1,1
219,7290055700007,קרפור סיטי  נווה אביבים,תל אביב-יפו,תל אביב,תל אביב-יפו,,L1,1
220,7290055700007,קרפור סיטי אזורים נתניה,נתניה,נתניה,נתניה,,L1,1
18803,7290058134977,7 שדרות האמוראים,בית שמש,בית שמש,בית שמש,,L1,1
17089,7290873255550,קיסריה,קיסריה,קיסריה,קיסריה,,L1,1
17090,7290873255550,הוד השרון,הוד השרון,הוד השרון,הוד השרון,,L1,1
17091,7290873255550,צומת סביון,סביון,סביון,סביון,,L1,1
17092,7290873255550,מפגש מזרע,מזרע,מזרע,מזרע,,L1,1
17093,7290873255550,דלי רעננה,רעננה,רעננה,רעננה,,L1,1
17094,7290873255550,הרצליה,הרצלייה,הרצליה,הרצלייה,,L1,1
8563,7290027600007,,,,קריית אונו,,L2,1
17095,7290873255550,טופ דן,תל אביב-יפו,תל אביב,תל אביב-יפו,,L1,1
8567,7290027600007,840 - גוד מרקט חריש,,,חריש,,L2,1
12879,7290027600007,,אשקלון,אשקלון,אשקלון,,L1,1
221,7290055700007,קרפור סיטי  קניון כפר סבא (1030),כפר סבא,כפר סבא,כפר סבא,,L1,1
222,7290055700007,קרפור סיטי  הוד השרון (1040),הוד השרון,הוד השרון,הוד השרון,,L1,1
2021,7290027600007,716 - Be mall 7  באר שבע,באר שבע,באר שבע,באר שבע,,L1,1
12179,7290027600007,12 - יש בני ברק- ירושלים,בני ברק,בני ברק,בני ברק,,L1,1
183,7290055700007,היפר אופקים,אופקים,אופקים,אופקים,,L1,1
2029,7290027600007,782 - BE ראשון לציון,ראשון לציון,ראשון לציון,ראשון לציון,,L1,1
2007,7290027600007,681 - BE שהם,שהם,שהם,שוהם,,L3,0.857
2009,7290027600007,684 - Be  שדרות,שדרות,שדרות,שדרות,,L1,1
223,7290055700007,קרפור סיטי  לב דיזנגוף (1090),תל אביב-יפו,תל אביב,תל אביב-יפו,,L1,1
225,7290055700007,קרפור סיטי  רון כפר סבא (1139),כפר סבא,כפר סבא,כפר סבא,,L1,1
226,7290055700007,קרפור סיטי  נווה כרמית (1147),ראשון לציון,ראשון לציון,ראשון לציון,,L1,1
2011,7290027600007,"688 - BE  מדיקל-בלינסון פ""ת",פתח תקווה,פתח תקווה,פתח תקווה,,L1,1
2012,7290027600007,691 - Be (פ.י) אשדוד מדיקל,אשדוד,אשדוד,אשדוד,,L1,1
2014,7290027600007,696 - BE מדיקל-אלעד,אלעד,אלעד,אלעד,,L1,1
2017,7290027600007,712 - BE עין הים חדרה,חדרה,חדרה,חדרה,,L1,1
2018,7290027600007,713 - BE אור ים,אור ים,אורים,אורים,,L1,1
2022,7290027600007,748 - BE שבעת הכוכבים אילת,אילת,אילת,אילת,,L1,1
2026,7290027600007,776 - BE טירה,טירה,טירה,טירה,,L1,1
2032,7290027600007,785 - BE מעלה אדומים,מעלה אדומים,מעלהאדומים,מעלה אדומים,,L1,1
2033,7290027600007,787 - BE אריאל,אריאל,אריאל,אריאל,,L1,1
2034,7290027600007,788 - BE אפרת,אפרת,אפרת,אפרת,,L1,1
227,7290055700007,קרפור סיטי  מכבים (1150),מודיעין-מכבים-רעות,מודיעין,מודיעין-מכבים-רעות,,L1,1
228,7290055700007,בעיר חפץ חיים (1171),פתח תקווה,פתח תקווה,פתח תקווה,,L1,1
229,7290055700007,קרפור סיטי  צמרות (1190),תל אביב-יפו,תל אביב,תל אביב-יפו,,L1,1
230,7290055700007,קרפור מרקט  יהלומים (1201),גבעתיים,גבעתיים,גבעתיים,,L1,1
235,7290055700007,קרפור סיטי  מאוז אביב (1295),תל אביב-יפו,תל אביב,תל אביב-יפו,,L1,1
236,7290055700007,קרפור סיטי  רמת אביב ג (1309),תל אביב-יפו,תל אביב,תל אביב-יפו,,L1,1
238,7290055700007,קרפור סיטי  קיראון (1430),קריית אונו,קריית אונו,קריית אונו,,L1,1
1368,7290027600007,"354 - 'אקספרס ת""א- קינג ג'ורג",תל אביב,תל אביב,תל אביב-יפו,,L2,1
239,7290055700007,קרפור כרמליה (2040),חיפה,חיפה,חיפה,,L1,1
240,7290055700007,קרפור סיטי  כפר יונה דרום (2070),כפר יונה,כפר יונה,כפר יונה,,L1,1
18790,7290058108879,334 דיר חנא זכיינות,דיר חנא,דיר חנא,דייר חנא,,L3,0.933
18791,7290058108879,335 דוכאן כפר ברא,כפר ברא,כפר ברא,כפר ברא,,L1,1
18792,7290058108879,336 דוכאן קלנסווה,קלנסווה,קלנסווה,קלנסווה,,L1,1
18794,7290058108879,338 דוכאן חי אלוורוד,,,,delete,NULL,0
241,7290055700007,קרפור מרקט   אילת (2150),אילת,אילת,אילת,,L1,1
18830,7290058148776,5 אשקלון גדול,אשקלון,אשקלון,אשקלון,,L1,1
2045,7290027600007,364 - יש חסד בית וגן,בית וגן,ביתוגן,בית ג'ן,,L3,0.857
2137,7290058140886,כפר סבא,כפר סבא,כפר סבא,כפר סבא,,L1,1
2138,7290058140886,פתח תקווה,פתח תקווה,פתח תקווה,פתח תקווה,,L1,1
2140,7290058140886,כרמיאל,כרמיאל,כרמיאל,כרמיאל,,L1,1
2142,7290058140886,קרית שמונה,קריית שמונה,קריית שמונה,קריית שמונה,,L1,1
2144,7290058140886,יבנה,יבנה,יבנה,יבנה,,L1,1
860,7290103152017,תלפיות,ירושלים,ירושלים,ירושלים,,L1,1
19,7290696200003,אלקנה,אלקנה,אלקנה,אלקנה,,L1,1
28,7290696200003,דימונה,דימונה,דימונה,דימונה,,L1,1
29,7290696200003,אופקים,אופקים,אופקים,אופקים,,L1,1
952,7290803800003,סגולה פתח תקווה,פתח תקווה,פתח תקווה,פתח תקווה,,L1,1
953,7290803800003,חדרה,חדרה,חדרה,חדרה,,L1,1
959,7290803800003,ראשלצ רמת אליהו,ראשון לציון,ראשון לציון,ראשון לציון,,L1,1
976,7290803800003,נתניה הדרים,נתניה,נתניה,נתניה,,L1,1
5172,7290803800003,גדרה פיק אפ,גדרה,גדרה,גדרה,,L1,1
176,7290055700007,קרפור סיטי TLV  תל אביב,תל אביב-יפו,תל אביב,תל אביב-יפו,,L1,1
243,7290055700007,קרפור סיטי  גני העיר רחובות (2190),רחובות,רחובות,רחובות,,L1,1
541,7290027600007,307 - יש קרית אתא- זבולון,קרית אתא,קריתאתא,קריית אתא,,L3,0.941
1901,7290027600007,226 - דיל כרמיאל,כרמיאל,כרמיאל,כרמיאל,,L1,1
2145,7290058140886,רחובות,רחובות,רחובות,רחובות,,L1,1
12025,7290055700007,,,,,delete,NULL,0
2147,7290058140886,ראשון לציון,ראשון לציון,ראשון לציון,ראשון לציון,,L1,1
18764,7290058108879,הכל,,,,delete,NULL,0
2148,7290058140886,חדרה,חדרה,חדרה,חדרה,,L1,1
2149,7290058140886,בת ים,בת ים,בת ים,בת ים,,L1,1
2150,7290058140886,רעננה,רעננה,רעננה,רעננה,,L1,1
12026,7290055700007,,,,,delete,NULL,0
2151,7290058140886,עטרות,ירושלים,ירושלים,ירושלים,,L1,1
2152,7290058140886,בית שמש,בית שמש,בית שמש,בית שמש,,L1,1
17096,7290873255550,"מאז""ה",תל אביב-יפו,תל אביב,תל אביב-יפו,,L1,1
17097,7290873255550,בן-יהודה 130,תל אביב-יפו,תל אביב,תל אביב-יפו,,L1,1
2153,7290058140886,חולון,חולון,חולון,חולון,,L1,1
2154,7290058140886,אריאל,אריאל,אריאל,אריאל,,L1,1
2155,7290058140886,קרית גת,קריית גת,קריית גת,קריית גת,,L1,1
2156,7290058140886,רמת החייל,תל אביב-יפו,תל אביב,תל אביב-יפו,,L1,1
2169,7290058140886,רמת בית שמש,בית שמש,בית שמש,בית שמש,,L1,1
2171,7290058140886,אילת,אילת,אילת,אילת,,L1,1
5171,7290803800003,הדרים פיקאפ,,,,delete,NULL,0
244,7290055700007,קרפור מרקט  גני אביב לוד (2230),לוד,לוד,לוד,,L1,1
245,7290055700007,קרפור מרקט  בית וגן ק.אתא (2240),קרית אתא,קרית אתא,קריית אתא,,L3,0.941
246,7290055700007,קרפור מרקט  גן יבנה (2310),גן יבנה,גן יבנה,גן יבנה,,L1,1
12027,7290055700007,,,,,delete,NULL,0
17098,7290873255550,בן יהודה 181,תל אביב-יפו,תל אביב,תל אביב-יפו,,L1,1
17099,7290873255550,חשמונאים 91,תל אביב-יפו,תל אביב,תל אביב-יפו,,L1,1
17100,7290873255550,אבן גבירול 64,תל אביב-יפו,תל אביב,תל אביב-יפו,,L1,1
17101,7290873255550,סירקין 13,גבעתיים,גבעתיים,גבעתיים,,L1,1
17102,7290873255550,יפו,תל אביב-יפו,תל אביב,תל אביב-יפו,,L1,1
17103,7290873255550,פרישמן,תל אביב-יפו,תל אביב,תל אביב-יפו,,L1,1
18831,7290058148776,6 אשקלון מכללה,אשקלון,אשקלון,אשקלון,,L1,1
18832,7290058148776,7 לב אשדוד,אשדוד,אשדוד,אשדוד,,L1,1
18833,7290058148776,8 גבעת זאב,ירושלים,ירושלים,ירושלים,,L1,1
18834,7290058148776,9 קרית גת,קרית גת,קריית גת,קריית גת,,L1,1
517,7290027600007,,רעננה,רעננה,רעננה,,L1,1
18773,7290058108879,10 דליית אל כרמל,דליית אל כרמל,דליית אל כרמל,דאלית אל-כרמל,,NULL,0
537,7290027600007,,רחובות,רחובות,רחובות,,L1,1
540,7290027600007,288 - יש רחובות- סירני,רחובות,רחובות,רחובות,,L1,1
21847,7290876100000,מחסני מזון ק.שמואל,חיפה,חיפה,חיפה,,L1,1
21848,7290876100000,מחסני מזון קרית אליע,חיפה,חיפה,חיפה,,L1,1
21849,7290876100000,טיפ טוב רעננה שברץ,רעננה,רעננה,רעננה,,L1,1
21850,7290876100000,היפר דודו קרית ים,קריית ים,קריית ים,קריית ים,,L1,1
247,7290055700007,קרפור סיטי  קניון גבעתיים (2320),גבעתיים,גבעתיים,גבעתיים,,L1,1
248,7290055700007,"קרפור סיטי  אשדוד י""ב (2330)",אשדוד,אשדוד,אשדוד,,L1,1
18780,7290058108879,18 יפת - יפו תל אביב,תל אביב,תל אביב,תל אביב-יפו,,L2,1
1971,7290027600007,634 - BE בת ים,בת ים,בת ים,בת ים,,L1,1
1972,7290027600007,635 - BE 16 ראש-פינה,ראש-פינה,ראשפינה,ראש פינה,,L3,0.875
1975,7290027600007,639 - BE אריאל,אריאל,אריאל,אריאל,,L1,1
1976,7290027600007,640 - BE דלית אל כרמל,דלית אל כרמל,דליתאלכרמל,דאלית אל-כרמל,,L3,0.88
1977,7290027600007,641 - BE גבעתיים,גבעתיים,גבעתיים,גבעתיים,,L1,1
12028,7290055700007,,,,,delete,NULL,0
12029,7290055700007,,,,,delete,NULL,0
2006,7290027600007,679 - BE כרכור מדיקל,כרכור,כרכור,פרדס חנה-כרכור,,L2,1
1430,7290027600007,163 - דיל שדרות- הפלדה,שדרות,שדרות,שדרות,,L1,1
3,7290696200003,שדרות,שדרות,שדרות,שדרות,,L1,1
30,7290696200003,טירת הכרמל,טירת הכרמל,טירת הכרמל,טירת כרמל,,L3,0.947
945,7290803800003,חוצות המפרץ,חוצות המפרץ,חוצות המפרץ,חיפה,,NULL,0
186,7290055700007,מרקט יבנה דואני,יבנה,יבנה,יבנה,,L1,1
187,7290055700007,קרפור יבנה נאות שמיר,יבנה,יבנה,יבנה,,L1,1
249,7290055700007,קרפור מרקט  עיר ימים נתניה (2410),נתניה,נתניה,נתניה,,L1,1
18796,7290058108879,340 מיני קינג סח'נין,סכנין,סכנין,סח'נין,,L2,1
250,7290055700007,קרפור מרקט  נאות חן חדרה (2470),חדרה,חדרה,חדרה,,L1,1
251,7290055700007,קרפור סיטי  כפר שלם (2490),תל אביב-יפו,תל אביב,תל אביב-יפו,,L1,1
252,7290055700007,בעיר פארק הירקון (2518),תל אביב-יפו,תל אביב,תל אביב-יפו,,L1,1
253,7290055700007,בעיר בת גלים (2530),חיפה,חיפה,חיפה,,L1,1
254,7290055700007,קרפור מרקט  מודיעין שמשוני (2540),מודיעין-מכבים-רעות,מודיעין,מודיעין-מכבים-רעות,,L1,1
255,7290055700007,קרפור סיטי לב נתניה (2577),נתניה,נתניה,נתניה,,L1,1
271,7290055700007,קרפור סיטי  גבעת סביון (3506),גני תקווה,גניתקווה,גני תקווה,,L1,1
17105,7290873255550,ארלוזורוב,תל אביב-יפו,תל אביב,תל אביב-יפו,,L1,1
17106,7290873255550,יהודה מכבי,תל אביב-יפו,תל אביב,תל אביב-יפו,,L1,1
256,7290055700007,קרפור מרקט מגדל העמק (2730),מגדל העמק,מגדל העמק,מגדל העמק,,L1,1
17107,7290873255550,חולון סיטי קוגל,חולון,חולון,חולון,,L1,1
17108,7290873255550,יגאל אלון דלי,תל אביב-יפו,תל אביב,תל אביב-יפו,,L1,1
272,7290055700007,קרפור סיטי  רמות אלון (3580),חיפה,חיפה,חיפה,,L1,1
64,7290696200003,נתניה,נתניה,נתניה,נתניה,,L1,1
18800,7290058134977,3 עלי הכהן,ירושלים,ירושלים,ירושלים,,L1,1
18805,7290058134977,18 מעזריטש,ביתר עילית,ביתר עילית,ביתר עילית,,L1,1
2076,7290027600007,,תל אביב,תל אביב,תל אביב-יפו,,L2,1
263,7290055700007,קרפור סיטי  כפר יונה (3050),כפר יונה,כפר יונה,כפר יונה,,L1,1
264,7290055700007,קרפור סיטי  בר אילן (3174),גבעת שמואל,גבעת שמואל,גבעת שמואל,,L1,1
265,7290055700007,קרפור סיטי  רמות צהלה (3180),תל אביב-יפו,תל אביב,תל אביב-יפו,,L1,1
266,7290055700007,קרפור סיטי לב אשקלון (3210),אשקלון,אשקלון,אשקלון,,L1,1
267,7290055700007,קרפור סיטי  אלוני השרון נתניה (3280),נתניה,נתניה,נתניה,,L1,1
268,7290055700007,קרפור מרקט  קניון אביה (3300),באר שבע,באר שבע,באר שבע,,L1,1
269,7290055700007,קרפור מרקט  אלנבי ירושלים (3420),ירושלים,ירושלים,ירושלים,,L1,1
277,7290055700007,קרפור מרקט  אפרידר אשקלון (3740),אשקלון,אשקלון,אשקלון,,L1,1
278,7290055700007,קרפור סיטי  בית הכרם (3850),ירושלים,ירושלים,ירושלים,,L1,1
279,7290055700007,קרפור סיטי  תל ברוך (3990),תל אביב-יפו,תל אביב,תל אביב-יפו,,L1,1
18788,7290058108879,50 אינטרנט,,,אונליין,,NULL,0
289,7290055700007,קרפור מרקט  אודיטוריום חיפה (4280),חיפה,חיפה,חיפה,,L1,1
2115,7290058140886,קסיטנה,באר טוביה,באר טוביה,באר טוביה,,L1,1
859,7290103152017,ראשון לציון,ראשון לציון,ראשון לציון,ראשון לציון,,L1,1
861,7290103152017,שמגר,ירושלים,ירושלים,ירושלים,,L1,1
68,7290696200003,שמוטקין,שמוטקין,שמוטקין,,delete,NULL,0
943,7290803800003,נתיבות,נתיבות,נתיבות,נתיבות,,L1,1
944,7290803800003,רמלה,רמלה,רמלה,רמלה,,L1,1
964,7290803800003,איירפורט סיטי,איירפורט סיטי,איירפורט סיטי,לוד,,NULL,0
156,7290055700007,קרפור מרקט  רמלה,רמלה,רמלה,רמלה,,L1,1
158,7290055700007,קרפור מרקט  ערד,ערד,ערד,ערד,,L1,1
162,7290055700007,קרפור מרקט נתניה בסיטי,נתניה,נתניה,נתניה,,L1,1
168,7290055700007,קרפור מרקט  אשקלון סיטי ברנע,אשקלון,אשקלון,אשקלון,,L1,1
169,7290055700007,קרפור מרקט  עתלית,עתלית,עתלית,עתלית,,L1,1
172,7290055700007,קרפור סיטי  ראשון מערב,ראשון לציון,ראשון לציון,ראשון לציון,,L1,1
173,7290055700007,קרפור סיטי  צור יצחק,צור יצחק,צור יצחק,צור יצחק,,L1,1
224,7290055700007,קרפור סיטי  הצרכנייה רמלה (1112),רמלה,רמלה,רמלה,,L1,1
290,7290055700007,קרפור מרקט  אואזיס רמת גן  (4420) (4420),רמת גן,רמת גן,רמת גן,,L1,1
291,7290055700007,קרפור מגדלי כרמל (4640),חיפה,חיפה,חיפה,,L1,1
292,7290055700007,כפר סבא @ קוויק,כפר סבא,כפר סבא,כפר סבא,,L1,1
17109,7290873255550,דלי כורזין גבעתיים,גבעתיים,גבעתיים,גבעתיים,,L1,1
17113,7290873255550,מונטיפיורי פתח תקוה,פתח תקווה,פתח תקווה,פתח תקווה,,L1,1
17114,7290873255550,רמת אפעל,רמת גן,רמת גן,רמת גן,,L1,1
17115,7290873255550,קינג גורג,תל אביב-יפו,תל אביב,תל אביב-יפו,,L1,1
17116,7290873255550,המסגר,תל אביב-יפו,תל אביב,תל אביב-יפו,,L1,1
17121,7290873255550,ליקוט נתניה,נתניה,נתניה,נתניה,,L1,1
17127,7290873255550,ליקוט קיסריה,קיסריה,קיסריה,קיסריה,,L1,1
178,7290055700007,קרפור  קרית אתא,קרית אתא,קריתאתא,קריית אתא,,L3,0.941
18793,7290058108879,337 דוכאן אעבלין,אעבלין,אעבלין,אעבלין,,L1,1
18795,7290058108879,339 יפו תלאביב מכללה,תל אביב יפו,תל אביב,תל אביב-יפו,,L2,1
21851,7290876100000,מחסני מזון נווה גנים,קרית מוצקין,קריית מוצקין,קריית מוצקין,,L1,1
21852,7290876100000,היפר דודו המושבה,פתח תקווה,פתח תקווה,פתח תקווה,,L1,1
21853,7290876100000,מחסני מזון ביג אתא,קרית אתא,קריית אתא,קריית אתא,,L1,1
21854,7290876100000,מחסני להב נתניה,נתניה,נתניה,נתניה,,L1,1
1935,7290027600007,448 - שערי רווחה,ירושלים,ירושלים,ירושלים,,L1,1
1936,7290027600007,26 - BE בלוך גבעתיים,גבעתיים,גבעתיים,גבעתיים,,L1,1
1938,7290027600007,112 - BE קרית מוצקין,קרית מוצקין,קריתמוצקין,קריית מוצקין,,L3,0.957
1939,7290027600007,145 - BE נתיבות,נתיבות,נתיבות,נתיבות,,L1,1
1940,7290027600007,172 - BE באר יעקב,באר יעקב,באריעקב,באר יעקב,,L1,1
1942,7290027600007,198 - Be פארם יהלום נתניה,נתניה,נתניה,נתניה,,L1,1
1943,7290027600007,201 - BE בריגה,נתניה,נתניה,נתניה,,L1,1
2165,7290058140886,מגדל העמק,מגדל העמק,מגדל העמק,מגדל העמק,,L1,1
2166,7290058140886,יהלום נתניה,נתניה,נתניה,נתניה,,L1,1
2167,7290058140886,אופקים,אופקים,אופקים,אופקים,,L1,1
2168,7290058140886,שדרות,שדרות,שדרות,שדרות,,L1,1
2170,7290058140886,בית שאן,בית שאן,בית שאן,בית שאן,,L1,1
2173,7290058140886,בית הפירות פת,ירושלים,ירושלים,ירושלים,,L1,1
2174,7290058140886,בית הפירות בית שמש,בית שמש,בית שמש,בית שמש,,L1,1
864,7290103152017,כפר סבא,כפר סבא,כפר סבא,כפר סבא,,L1,1
865,7290103152017,קרית אונו,קריית אונו,קריית אונו,קריית אונו,,L1,1
182,7290055700007,קרפור כרכור,כרכור,כרכור,פרדס חנה-כרכור,,L2,1
273,7290055700007,"קרפור מרקט  שטמפפר פ""ת (3600)",פתח תקווה,פתח תקווה,פתח תקווה,,L1,1
274,7290055700007,שוק מהדרין הרצל חיפה (3610),חיפה,חיפה,חיפה,,L1,1
275,7290055700007,קרפור מרקט בית שמש (3680),בית שמש,בית שמש,בית שמש,,L1,1
276,7290055700007,קרפור מרקט  נווה זאב (3700),באר שבע,באר שבע,באר שבע,,L1,1
17081,7290873255550,ראשון מזרח,ראשון לציון,ראשון לציון,ראשון לציון,,L1,1
17111,7290873255550,דלי איינשטיין,תל אביב-יפו,תל אביב,תל אביב-יפו,,L1,1
17112,7290873255550,בית הדובדבן - אונו,קריית אונו,קריית אונו,קריית אונו,,L1,1
17118,7290873255550,כפר סבא הירוקה,כפר סבא,כפר סבא,כפר סבא,,L1,1
18823,7290058134977,41 נתיבות,נתיבות,נתיבות,נתיבות,,L1,1
18778,7290058108879,16 עכו,עכו,עכו,עכו,,L1,1
18824,7290058134977,42 אופקים,אופקים,אופקים,אופקים,,L1,1
18825,7290058134977,43 אשדוד,אשדוד,אשדוד,אשדוד,,L1,1
18826,7290058134977,51 עפולה,עפולה,עפולה,עפולה,,L1,1
21855,7290876100000,סופר דוש וולפסון,חולון,חולון,חולון,,L1,1
21856,7290876100000,מחסני להב באר שבע,באר שבע,באר שבע,באר שבע,,L1,1
21857,7290876100000,מחסני להב יבנה,יבנה,יבנה,יבנה,,L1,1
21858,7290876100000,מחסני להב אשדוד,אשדוד,אשדוד,אשדוד,,L1,1
21860,7290876100000,מחסני להב סביניה,קריית ביאליק,קריית ביאליק,קריית ביאליק,,L1,1
21861,7290876100000,מחסני להב רמז,חיפה,חיפה,חיפה,,L1,1
10060,7290027600007,"15 - יש פ""ת- רוטשילד",פתח תקווה,פתח תקווה,פתח תקווה,,L1,1
10761,7290027600007,329 - יש  יוקנעם עילית- היובלים,,,יקנעם עילית,,L2,1
1,7290696200003,גן-יבנה,יבנה,יבנה,יבנה,,L1,1
2015,7290027600007,697 - BE  ירכא,ירכא,ירכא,ירכא,,L1,1
2016,7290027600007,698 - BE כרמיאל,כרמיאל,כרמיאל,כרמיאל,,L1,1
966,7290803800003,תל אביב  נחלת יצחק,תל אביב,תל אביב,תל אביב-יפו,,L2,1
18765,7290058108879,1 אום אלפחם,אום אל פחם,אום אל פחם,אום אל-פחם,,L3,0.9
18766,7290058108879,2 דבוריה,דבוריה,דבוריה,דבורייה,,L3,0.923
18767,7290058108879,3 פרידיס,פוריידיס,פוריידיס,פוריידיס,,L1,1
18768,7290058108879,5 קלנסווה,קלנסווה,קלנסווה,קלנסווה,,L1,1
18771,7290058108879,8 באר שבע,באר שבע,באר שבע,באר שבע,,L1,1
18772,7290058108879,9 טמרה,טמרה,טמרה,טמרה,,L1,1
18774,7290058108879,12 נצרת,נצרת,נצרת,נצרת,,L1,1
21862,7290876100000,מחסני להב כצנלסון,קרית אתא,קריית אתא,קריית אתא,,L1,1
21863,7290876100000,מחסני להב קרית ים,קריית ים,קריית ים,קריית ים,,L1,1
21864,7290876100000,פרשמרקט רמת אביב,תל אביב-יפו,תל אביב,תל אביב-יפו,,L1,1
21865,7290876100000,סופר דוש קניון בת ים,בת ים,בת ים,בת ים,,L1,1
21866,7290876100000,סופר דוש בתימון,בת ים,בת ים,בת ים,,L1,1
21867,7290876100000,סופר דוש העצמאות,בת ים,בת ים,בת ים,,L1,1
21868,7290876100000,סופר דוש חולון,חולון,חולון,חולון,,L1,1
21869,7290876100000,פרשמרקט מרום נווה,רמת גן,רמת גן,רמת גן,,L1,1
21870,7290876100000,טיפ טופ בבלי,תל אביב-יפו,תל אביב,תל אביב-יפו,,L1,1
21871,7290876100000,מחסני מזון פתח תקווה,פתח תקווה,פתח תקווה,פתח תקווה,,L1,1
21872,7290876100000,מחסני מזון סיטי אשדו,אשדוד,אשדוד,אשדוד,,L1,1
21873,7290876100000,מחסני מזון  טימול אש,אשדוד,אשדוד,אשדוד,,L1,1
21874,7290876100000,מחסני מזון כרמיאל,כרמיאל,כרמיאל,כרמיאל,,L1,1
21875,7290876100000,סופר כרמים,ראשון לציון,ראשון לציון,ראשון לציון,,L1,1
21876,7290876100000,חביב גבעת שמואל,גבעת שמואל,גבעת שמואל,גבעת שמואל,,L1,1
21877,7290876100000,חביב קרייתאונו,קריית אונו,קריית אונו,קריית אונו,,L1,1
21878,7290876100000,חביב כפר גנים,פתח תקווה,פתח תקווה,פתח תקווה,,L1,1
21879,7290876100000,חביב  העצמאות,פתח תקווה,פתח תקווה,פתח תקווה,,L1,1
21880,7290876100000,פרש מרקט עין דור,ראשון לציון,ראשון לציון,ראשון לציון,,L1,1
21881,7290058177776,סופר יודה בוגרשוב,תל אביב-יפו,תל אביב,תל אביב-יפו,,L1,1
21882,7290058177776,סופר יודה אלנבי,תל אביב-יפו,תל אביב,תל אביב-יפו,,L1,1
21883,7290058177776,סופר יודהנחלת בנימין,תל אביב-יפו,תל אביב,תל אביב-יפו,,L1,1
21884,7290058177776,סופר יודה הרצל,תל אביב-יפו,תל אביב,תל אביב-יפו,,L1,1
21885,7290058177776,סופר יודה ישעיהו,תל אביב-יפו,תל אביב,תל אביב-יפו,,L1,1
21886,7290058177776,סופר יודהדיזנגוף 215,תל אביב-יפו,תל אביב,תל אביב-יפו,,L1,1
21887,7290058177776,סופר יודה ריינס,תל אביב-יפו,תל אביב,תל אביב-יפו,,L1,1
21888,7290058177776,סופר יודה קינג גורג,תל אביב-יפו,תל אביב,תל אביב-יפו,,L1,1
21889,7290058177776,סופר יודה אינשטיין,תל אביב-יפו,תל אביב,תל אביב-יפו,,L1,1
21890,7290058177776,סופר יודה יהודה מכבי,תל אביב-יפו,תל אביב,תל אביב-יפו,,L1,1
21891,7290058177776,סופר יודה בארט,תל אביב-יפו,תל אביב,תל אביב-יפו,,L1,1
21892,7290058177776,סופר יודה אבן גבירול,תל אביב-יפו,תל אביב,תל אביב-יפו,,L1,1
18783,7290058108879,27 בסמת טבעון,בסמת טבעון,בסמת טבעון,בסמת טבעון,,L1,1
6116,7290027600007,413 - שופרסל ONLINE,,,אונליין,,NULL,0
10051,7290027600007,,גדרה,גדרה,גדרה,,L1,1
18785,7290058108879,29 טייבה,טייבה,טייבה,טייבה,,L1,1
18786,7290058108879,30 כפר כנא,כפר כנא,כפר כנא,כפר כנא,,L1,1
18855,7290058148776,314 אונליין - חולון סיירים,,,חולון,,NULL,0
18787,7290058108879,31 צים סנטר נוף הגליל,נוף הגליל,נוף הגליל,נוף הגליל,,L1,1
18789,7290058108879,200 ירושליים,ירושלים,ירושלים,ירושלים,,L1,1
10063,7290027600007,772 - גוד מרקט מאה שערים,,,ירושלים,,L2,1
5,7290696200003,אשדוד,אשדוד,אשדוד,אשדוד,,L1,1
8,7290696200003,בית שמש,בית שמש,בית שמש,בית שמש,,L1,1
10,7290696200003,רמלה הולצברג,רמלה,רמלה,רמלה,,L1,1
11,7290696200003,חדרה בפארק,חדרה,חדרה,חדרה,,L1,1
12,7290696200003,ראשון פרס נובל,ראשון לציון,ראשון לציון,ראשון לציון,,L1,1
21893,7290058177776,סופר יודה בית אלעל,תל אביב-יפו,תל אביב,תל אביב-יפו,,L1,1
21894,7290058177776,סופר יודה פינסקר,תל אביב-יפו,תל אביב,תל אביב-יפו,,L1,1
13,7290696200003,חדרה בקניון,חדרה,חדרה,חדרה,,L1,1
21895,7290058177776,סופר יודהדיזנגוף 100,תל אביב-יפו,תל אביב,תל אביב-יפו,,L1,1
21896,7290058177776,סופר יודה המשתלה,תל אביב-יפו,תל אביב,תל אביב-יפו,,L1,1
21897,7290058177776,סופר יודה כיכר רבין,תל אביב-יפו,תל אביב,תל אביב-יפו,,L1,1
21898,7290058177776,סופר יודה חולון,חולון,חולון,חולון,,L1,1
21899,7290058177776,סופר יודה אשלים,ראשון לציון,ראשון לציון,ראשון לציון,,L1,1
21900,7290058177776,סופר יודה הרצליה,הרצלייה,הרצליה,הרצלייה,,L1,1
21901,7290058177776,סופר יודה רמת השרון,רמת השרון,רמת השרון,רמת השרון,,L1,1
21902,7290058177776,סופר יודה אבן יהודה,אבן יהודה,אבן יהודה,אבן יהודה,,L1,1
21903,7290058177776,סופר יודה צור יצחק,צור יצחק,צור יצחק,צור יצחק,,L1,1
21904,7290058177776,סופר יודה געש,פתח תקווה,פתח תקווה,פתח תקווה,,L1,1
21905,7290058177776,סופר יודה נוריות,ראשון לציון,ראשון לציון,ראשון לציון,,L1,1
21906,7290058177776,סופר יודה סביון,סביון,סביון,סביון,,L1,1
15,7290696200003,ראש העין,ראש העין,ראש העין,ראש העין,,L1,1
18858,7290058148776,322 אונליין - ב.ס.ר,,,בני ברק,,NULL,0
145,7290055700007,קרפור היפר   אשדוד צפוני,אשדוד,אשדוד,אשדוד,,L1,1
948,7290803800003,מודיעין ישפרו,מודיעין,מודיעין,מודיעין-מכבים-רעות,,NULL,0
949,7290803800003,מודיעין כרמים,מודיעין,מודיעין,מודיעין-מכבים-רעות,,NULL,0
144,7290055700007,קרפור היפר   אשקלון צפוני,אשקלון,אשקלון,אשקלון,,L1,1
147,7290055700007,קרפור היפר   כפר סבא,כפר סבא,כפר סבא,כפר סבא,,L1,1
148,7290055700007,פתח תקוה בר כוכבא,פתח תקווה,פתח תקווה,פתח תקווה,,L1,1
149,7290055700007,קרפור מרקט  תל מונד,תל מונד,תל מונד,תל מונד,,L1,1
150,7290055700007,קרפור מרקט    ראש העין,ראש העין,ראש העין,ראש העין,,L1,1
151,7290055700007,קרפור מרקט אילת,אילת,אילת,אילת,,L1,1
159,7290055700007,קרפור מרקט  בית שאן,בית שאן,בית שאן,בית שאן,,L1,1
12151,7290027600007,,רמת גן,רמת גן,רמת גן,,L1,1
160,7290055700007,קרפור מרקט  קרית גת,קריית גת,קריית גת,קריית גת,,L1,1
163,7290055700007,קרפור סיטי  מודיעין בסיטי,מודיעין-מכבים-רעות,מודיעין,מודיעין-מכבים-רעות,,L1,1
164,7290055700007,קרפור מרקט ראשלצ בסיטי,ראשון לציון,ראשון לציון,ראשון לציון,,L1,1
165,7290055700007,קרפור סיטי  הרצליה ליד הבית,הרצלייה,הרצליה,הרצלייה,,L1,1
10059,7290027600007,297 - יוניברס חדרה- ארבע האגודות,,,חדרה,,L2,1
1981,7290027600007,648 - BE מאיר-כפר סבא,כפר סבא,כפר סבא,כפר סבא,,L1,1
1982,7290027600007,649 - BE עכו,עכו,עכו,עכו,,L1,1
1983,7290027600007,650 - BE חיפה,חיפה,חיפה,חיפה,,L1,1
1984,7290027600007,651 - BE דרורים,בני דרור,בנידרור,בני דרור,,L1,1
7,7290696200003,לוד,לוד,לוד,לוד,,L1,1
54,7290696200003,כפר סבא הירוקה,כפר סבא,כפר סבא,כפר סבא,,L1,1
1986,7290027600007,653 - BE בני-ברק,בני ברק,בני ברק,בני ברק,,L1,1
1988,7290027600007,655 - BE רחובות מזרח,רחובות,רחובות,רחובות,,L1,1
317,7290027600007,"39 - שלי ת""א- ברזיל",תל אביב,תל אביב,תל אביב-יפו,,L2,1
960,7290803800003,בת ים,בת ים,בת ים,בת ים,,L1,1
166,7290055700007,קרפור מרקט אשקלון,אשקלון,אשקלון,אשקלון,,L1,1
961,7290803800003,נתניה,נתניה,נתניה,נתניה,,L1,1
962,7290803800003,מרכז סנטרו רחובות,רחובות,רחובות,רחובות,,L1,1
965,7290803800003,מבקיעים אשקלון,אשקלון,אשקלון,אשקלון,,L1,1
152,7290055700007,קרפור היפר   בית שמש,בית שמש,בית שמש,בית שמש,,L1,1
153,7290055700007,קרפור מרקט  אור יהודה,אור יהודה,אור יהודה,אור יהודה,,L1,1
18797,7290058134977,הכל,,,,delete,NULL,0
154,7290055700007,קרפור היפר אור עקיבא,אור עקיבא,אור עקיבא,אור עקיבא,,L1,1
167,7290055700007,קרפור סיטי  חולון בסיטי,חולון,חולון,חולון,,L1,1
175,7290055700007,קרפור סיטי  מנחם בגין 152 תא,תל אביב-יפו,תל אביב,תל אביב-יפו,,L1,1
1167,7290055700007,קרפור מרקט  לה גרדיה,תל אביב,תל אביב,תל אביב-יפו,,L2,1
863,7290103152017,חיפה,חיפה,חיפה,חיפה,,L1,1
384,7290027600007,114 - דיל ירושלים- גילה,ירושלים,ירושלים,ירושלים,,L1,1
1944,7290027600007,233 - BE באר שבע,באר שבע,באר שבע,באר שבע,,L1,1
1945,7290027600007,242 - BE ויוה חדרה,חדרה,חדרה,חדרה,,L1,1
323,7290027600007,"69 - שלי ת""א- רמת אביב ב",תל אביב,תל אביב,תל אביב-יפו,,L2,1
192,7290055700007,קרפור סיטי  ויצמן תל אביב,תל אביב-יפו,תל אביב,תל אביב-יפו,,L1,1
193,7290055700007,קרפור סיטי  גרינברג חיפה,חיפה,חיפה,חיפה,,L1,1
17087,7290873255550,יהוד,יהוד,יהוד,יהוד-מונוסון,,L2,1
194,7290055700007,קרפור סיטי עוזיאל בת ים,בת ים,בת ים,בת ים,,L1,1
195,7290055700007,בעיר ויצמן חולון,חולון,חולון,חולון,,L1,1
197,7290055700007,קרפור סיטי  אבן גבירול,תל אביב-יפו,תל אביב,תל אביב-יפו,,L1,1
198,7290055700007,קרפור מרקט  מגדל נחום,בת ים,בת ים,בת ים,,L1,1
208,7290055700007,קרפור סיטי  עמק ברכה,תל אביב-יפו,תל אביב,תל אביב-יפו,,L1,1
207,7290055700007,קרפור סיטי  רמת החייל,תל אביב-יפו,תל אביב,תל אביב-יפו,,L1,1
209,7290055700007,קרפור סיטי  הצרכניה רובע ט ב'ש,באר שבע,באר שבע,באר שבע,,L1,1
210,7290055700007,קרפור סיטי  ירושלים נתניה,נתניה,נתניה,נתניה,,L1,1
211,7290055700007,קרפור סיטי  בית אבות,תל אביב-יפו,תל אביב,תל אביב-יפו,,L1,1
212,7290055700007,קרפור סיטי  קרית אונו,קריית אונו,קריית אונו,קריית אונו,,L1,1
1946,7290027600007,252 - BE עין שמר,פרדס חנה-כרכור,פרדסחנהכרכור,פרדס חנה-כרכור,,L1,1
967,7290803800003,חדרה צפוני,חדרה,חדרה,חדרה,,L1,1
231,7290055700007,קרפור מרקט  תל כביר (1228),תל אביב-יפו,תל אביב,תל אביב-יפו,,L1,1
232,7290055700007,קרפור סיטי  מגדלי דוד (1236),תל אביב-יפו,תל אביב,תל אביב-יפו,,L1,1
233,7290055700007,קרפור מעלה אילת (1252),אילת,אילת,אילת,,L1,1
326,7290027600007,"80 - שלי ראשל""צ- נווה הדרים",ראשון לציון,ראשוןלציון,ראשון לציון,,L1,1
409,7290027600007,189 - דיל פרדס חנה,פרדס חנה,פרדסחנה,פרדס חנה-כרכור,,L2,1
234,7290055700007,"קרפור סיטי  בילינסון פ""ת (1279)",פתח תקווה,פתח תקווה,פתח תקווה,,L1,1
237,7290055700007,בעיר שדרות B (1340),שדרות,שדרות,שדרות,,L1,1
968,7290803800003,עפולה,עפולה,עפולה,עפולה,,L1,1
18854,7290058148776,313 אונליין - רמלה,רמלה,רמלה,רמלה,,L1,1
969,7290803800003,טבריה תחתית,טבריה,טבריה,טבריה,,L1,1
970,7290803800003,קרית שמונה,קרית שמונה,קרית שמונה,קריית שמונה,,L3,0.952
971,7290803800003,באר שבע,באר שבע,באר שבע,באר שבע,,L1,1
18828,7290058148776,הכל,,,,delete,NULL,0
385,7290027600007,118 - דיל אילת  הסתת,אילת,אילת,אילת,,L1,1
18856,7290058148776,318 אונליין - נתיבות,נתיבות,נתיבות,נתיבות,,L1,1
18857,7290058148776,319 אונליין - אור ים,אור ים,אור ים,אורים,,L3,0.909
314,7290027600007,33 - שלי חיפה- סטלה,חיפה,חיפה,חיפה,,L1,1
280,7290055700007,קרפור מרקט לב הרצלה (4110),הרצלייה,הרצליה,הרצלייה,,L1,1
297,7290027600007,357 - דיל צורן קדימה- לב השרון,קדימה-צורן,קדימה-צורן,קדימה-צורן,,L1,1
300,7290027600007,499 - יש חסד עפולה עילית,עפולה,עפולה,עפולה,,L1,1
308,7290027600007,22 - שלי נתניה- סמילנסקי,נתניה,נתניה,נתניה,,L1,1
309,7290027600007,23 - שלי מיתר,מיתר,מיתר,מיתר,,L1,1
281,7290055700007,קרפור הדר הרצליה (4120),הרצלייה,הרצליה,הרצלייה,,L1,1
282,7290055700007,קרפור סיטי  נווה אמירים (4130),הרצלייה,הרצליה,הרצלייה,,L1,1
283,7290055700007,קרפור סיטי  הרצליה פיתוח (4150),הרצלייה,הרצליה,הרצלייה,,L1,1
18814,7290058134977,31 בית וגן,ירושלים,ירושלים,ירושלים,,L1,1
310,7290027600007,24 - שלי אשדוד- הנביאים,אשדוד,אשדוד,אשדוד,,L1,1
312,7290027600007,30 - שלי רמת גן- קריניצי,רמת גן,רמת גן,רמת גן,,L1,1
18835,7290058148776,11 כפר סבא מזרח,כפר סבא,כפר סבא,כפר סבא,,L1,1
18836,7290058148776,12 בני ברק,בני ברק,בני ברק,בני ברק,,L1,1
18838,7290058148776,14 חולון סיירים,חולון,חולון,חולון,,L1,1
295,7290055700007,,אשדוד,אשדוד,אשדוד,,L1,1
32,7290696200003,תל מונד,תל מונד,תל מונד,תל מונד,,L1,1
284,7290055700007,קרפור סיטי  נוף ים (4160),הרצלייה,הרצליה,הרצלייה,,L1,1
490,7290027600007,,גבעת עדה,גבעתעדה,בנימינה-גבעת עדה,,L2,1
34,7290696200003,אשקלון,אשקלון,אשקלון,אשקלון,,L1,1
947,7290803800003,גן יבנה,גן יבנה,גן יבנה,גן יבנה,,L1,1
950,7290803800003,אור יהודה גדול,אור יהודה,אור יהודה,אור יהודה,,L1,1
974,7290803800003,מישור אדומים,מישור אדומים,מישור אדומים,ירושלים,,NULL,0
143,7290055700007,קרפור מרקט  אשקלון חאן,אשקלון,אשקלון,אשקלון,,L1,1
146,7290055700007,קרפור היפר   רעננה,רעננה,רעננה,רעננה,,L1,1
313,7290027600007,32 - שלי רמת גן- קסם,רמת גן,רמת גן,רמת גן,,L1,1
315,7290027600007,"36 - שלי כ""ס- רוטשילד",כפר סבא,כפרסבא,כפר סבא,,L1,1
320,7290027600007,43 - שלי הוד השרון- הבנים,הוד השרון,הוד השרון,הוד השרון,,L1,1
321,7290027600007,50 - שלי מבשרת ציון,מבשרת ציון,מבשרתציון,מבשרת ציון,,L1,1
257,7290055700007,קרפור מרקט  שרונה רחובות (2740),רחובות,רחובות,רחובות,,L1,1
285,7290055700007,בעיר נווה עמל (4170),הרצלייה,הרצליה,הרצלייה,,L1,1
286,7290055700007,"קרפור סיטי  זרובבל רמה""ש (4200)",רמת השרון,רמת השרון,רמת השרון,,L1,1
287,7290055700007,קרפור סיטי  נצר סירני (4220),נצר סירני,נצר סירני,נצר סרני,,L3,0.941
288,7290055700007,אלעד קרפור מרקט (4270),אלעד,אלעד,אלעד,,L1,1
18849,7290058148776,305 אונליין  - אשקלון צפוני,,,אשקלון,,NULL,0
339,7290027600007,"230 - שלי כ""ס- ויצמן",כפר סבא,כפרסבא,כפר סבא,,L1,1
18809,7290058134977,23 כהנמן בני ברק,בני ברק,בני ברק,בני ברק,,L1,1
345,7290027600007,284 - שלי תל מונד- הדקל,תל מונד,תלמונד,תל מונד,,L1,1
352,7290027600007,330 - שלי חיפה- נתיב חן,חיפה,חיפה,חיפה,,L1,1
18810,7290058134977,25 תלפיות,ירושלים,ירושלים,ירושלים,,L1,1
354,7290027600007,336 - שלי חיפה- רמות ספיר,חיפה,חיפה,חיפה,,L1,1
1937,7290027600007,41 - BE דיזנגוף סנטר,דיזנגוף סנטר,דיזנגוףסנטר,תל אביב-יפו,,NULL,0
334,7290027600007,164 - שלי רמת גן- ביאליק,רמת גן,רמת גן,רמת גן,,L1,1
335,7290027600007,168 - שלי אשדוד- כינרת,אשדוד,אשדוד,אשדוד,,L1,1
336,7290027600007,"193 - שלי ראשל""צ- מזרח",ראשון לציון,ראשוןלציון,ראשון לציון,,L1,1
337,7290027600007,212 - שליחיפה- ורדיה,חיפה,חיפה,חיפה,,L1,1
338,7290027600007,216 - שלי הוד השרון,הוד השרון,הוד השרון,הוד השרון,,L1,1
340,7290027600007,247 - שלי חולון- רבינוביץ,חולון,חולון,חולון,,L1,1
341,7290027600007,262 - שלימזכרת בתיה- בגין,מזכרת בתיה,מזכרתבתיה,מזכרת בתיה,,L1,1
342,7290027600007,266 - שלי רזין אילת,אילת,אילת,אילת,,L1,1
343,7290027600007,272 - שלי גבעתיים- ויצמן,גבעתיים,גבעתיים,גבעתיים,,L1,1
344,7290027600007,"278 - שלי פ""ת -העצמאות",פתח תקווה,פתח תקווה,פתח תקווה,,L1,1
346,7290027600007,302 - שלי חיפה- קלר,חיפה,חיפה,חיפה,,L1,1
347,7290027600007,308 - שלי קרית אתא- איינשטין,קרית אתא,קריתאתא,קריית אתא,,L3,0.941
18811,7290058134977,26 בבא סאלי,ביתר עילית,ביתר עילית,ביתר עילית,,L1,1
350,7290027600007,316 - דיל קרית מוצקין-שד ויצמן,קרית מוצקין,קריתמוצקין,קריית מוצקין,,L3,0.957
353,7290027600007,333 - שלי חיפה- אורן,חיפה,חיפה,חיפה,,L1,1
951,7290803800003,ירושלים תלפיות,ירושלים,ירושלים,ירושלים,,L1,1
18812,7290058134977,28 ר' עקיבא,מודיעין עילית,מודיעין עילית,מודיעין עילית,,L1,1
983,7290803800003,בית שאן,בית שאן,בית שאן,בית שאן,,L1,1
18813,7290058134977,29 הרב שך,ביתר עילית,ביתר עילית,ביתר עילית,,L1,1
18815,7290058134977,32 תכלת מרדכי,ירושלים,ירושלים,ירושלים,,L1,1
18816,7290058134977,33 סורוצקין,ירושלים,ירושלים,ירושלים,,L1,1
18817,7290058134977,34 עזרת תורה,ירושלים,ירושלים,ירושלים,,L1,1
18798,7290058134977,1 כף החיים,ביתר עילית,ביתר עילית,ביתר עילית,,L1,1
18806,7290058134977,19 כנסת יחזקאל,ביתר עילית,ביתר עילית,ביתר עילית,,L1,1
17119,7290873255550,קרית מוצקין,קרית מוצקין,קרית מוצקין,קריית מוצקין,,L3,0.957
17120,7290873255550,עדן גן העיר,תל אביב-יפו,תל אביב,תל אביב-יפו,,L1,1
17122,7290873255550,ליקוט טיב טעם אשדוד,אשדוד,אשדוד,אשדוד,,L1,1
17123,7290873255550,ליקוט טיב טעם קריות,חיפה,חיפה,חיפה,,L1,1
17124,7290873255550,ליקוט ראשון מזרח,ראשון לציון,ראשון לציון,ראשון לציון,,L1,1
17125,7290873255550,ליקוט טיב באר שבע,באר שבע,באר שבע,באר שבע,,L1,1
17126,7290873255550,ליקוט רמת החייל,תל אביב-יפו,תל אביב,תל אביב-יפו,,L1,1
1931,7290027600007,678 - BE עפולה,עפולה,עפולה,עפולה,,L1,1
1947,7290027600007,256 - BE נס ציונה,נס ציונה,נסציונה,נס ציונה,,L1,1
1948,7290027600007,270 - BE חולון הפלד,חולון,חולון,חולון,,L1,1
1952,7290027600007,352 - Be טייבה,טייבה,טייבה,טייבה,,L1,1
1958,7290027600007,507 - Be פארם נאות שמיר,נאות שמיר,נאותשמיר,רמלה,,NULL,0
1968,7290027600007,623 - BE סביונים,סביונים,סביונים,יהוד,,NULL,0
2119,7290058140886,גבעת שאול,ירושלים,ירושלים,ירושלים,,L1,1
2131,7290058140886,באר שבע,באר שבע,באר שבע,באר שבע,,L1,1
2132,7290058140886,עכו,עכו,עכו,עכו,,L1,1
2135,7290058140886,נתיבות,נתיבות,נתיבות,נתיבות,,L1,1
2190,7290058140886,שוויצריה ויצמן נתניה,נתניה,נתניה,נתניה,,L1,1
2191,7290058140886,חטיבה תשע עפולה,עפולה,עפולה,עפולה,,L1,1
2196,7290058140886,קיריון קרית ביאליק,קריית ביאליק,קריית ביאליק,קריית ביאליק,,L1,1
2197,7290058140886,שבזי ראש העין,ראש העין,ראש העין,ראש העין,,L1,1
2198,7290058140886,קניון הבאר,ראשון לציון,ראשון לציון,ראשון לציון,,L1,1
2200,7290058140886,ביאליק רמת גן,רמת גן,רמת גן,רמת גן,,L1,1
62,7290696200003,איילון,איילון,איילון,אילון,,L3,0.909
1928,7290027600007,,חיפה,חיפה,חיפה,,L1,1
359,7290027600007,371 - שלי ברניצקי,ראשון לציון,ראשוןלציון,ראשון לציון,,L1,1
1954,7290027600007,437 - BE אייס מול אילת,אילת,אילת,אילת,,L1,1
456,7290027600007,300 - יש חסד בארות יצחק- פאוור,בארות יצחק,בארותיצחק,בארות יצחק,,L1,1
458,7290027600007,608 - יש חסד ירושלים-קרית שאול,ירושלים,ירושלים,ירושלים,,L1,1
459,7290027600007,609 - יש חסד אלעד-ניסים גאון,אלעד,אלעד,אלעד,,L1,1
2199,7290058140886,רוטשילד ראשון לציון,ראשון לציון,ראשון לציון,ראשון לציון,,L1,1
55,7290696200003,סיטי אלנבי,סיטי אלנבי,סיטי אלנבי,תל אביב-יפו,,NULL,0
460,7290027600007,610 - יש חסד ירושלים- רמת שלמה,ירושלים,ירושלים,ירושלים,,L1,1
378,7290027600007,96 - דיל חדרה- הפרדס,חדרה,חדרה,חדרה,,L1,1
388,7290027600007,122 - דיל יבנה- ברוש דרך הים,יבנה,יבנה,יבנה,,L1,1
1950,7290027600007,322 - גן העיר תל אביב,תל אביב,תל אביב,תל אביב-יפו,,L2,1
59,7290696200003,עמק חפר,עמק חפר,עמק חפר,חדרה,,NULL,0
1951,7290027600007,345 - BE מידטאון,מידטאון,מידטאון,תל אביב-יפו,,NULL,0
60,7290696200003,טבעון,טבעון,טבעון,קריית טבעון,,NULL,0
61,7290696200003,צמח,צמח,צמח,טבריה,,NULL,0
17088,7290873255550,קניון דרורים,בני דרור,בני דרור,בני דרור,,L1,1
18807,7290058134977,21 בני ברק,בני ברק,בני ברק,בני ברק,,L1,1
18808,7290058134977,22 בן איש חי בית שמש,בית שמש,בית שמש,בית שמש,,L1,1
18818,7290058134977,35 זית רענן,ירושלים,ירושלים,ירושלים,,L1,1
18837,7290058148776,13 רמלה,רמלה,רמלה,רמלה,,L1,1
1953,7290027600007,392 - BE שילת,שילת,שילת,שילת,,L1,1
1955,7290027600007,476 - BE הוד השרון כיכר המושבה,הוד השרון,הוד השרון,הוד השרון,,L1,1
1956,7290027600007,482 - BE רמלה נווה דורון,רמלה,רמלה,רמלה,,L1,1
1985,7290027600007,652 - BE מודיעין,מודיעין,מודיעין,מודיעין-מכבים-רעות,,NULL,0
1987,7290027600007,654 - BE אם המושבות,אם המושבות,אםהמושבות,פתח תקווה,,NULL,0
1989,7290027600007,656 - סניף בן יהודה,תל אביב,תל אביב,תל אביב-יפו,,L2,1
2023,7290027600007,762 - BE אוסישקין,רמת השרון,רמתהשרון,רמת השרון,,L1,1
2024,7290027600007,763 - BE שפרעם,שפרעם,שפרעם,שפרעם,,L1,1
2025,7290027600007,764 - BE סטאר אשדוד,אשדוד,אשדוד,אשדוד,,L1,1
373,7290027600007,87 - דיל רעננה- החרושת,רעננה,רעננה,רעננה,,L1,1
1996,7290027600007,665 - BE חשמונאים,תל אביב,תל אביב,תל אביב-יפו,,L2,1
1997,7290027600007,667 - BE מדיקל הלל יפה חדרה,חדרה,חדרה,חדרה,,L1,1
2129,7290058140886,מודעין ישפרו,מודיעין-מכבים-רעות,מודיעין,מודיעין-מכבים-רעות,,L1,1
2010,7290027600007,685 - BE  אזורי חן,אזורי חן,אזוריחן,תל אביב-יפו,,NULL,0
2013,7290027600007,695 - BE  אסותא רמת החייל,תל אביב,תל אביב,תל אביב-יפו,,L2,1
2020,7290027600007,715 - BE אגמים,אגמים,אגמים,אשקלון,,NULL,0
2028,7290027600007,"781 - BE פרישמן ת""א",תל אביב,תל אביב,תל אביב-יפו,,L2,1
2130,7290058140886,אשדוד,אשדוד,אשדוד,אשדוד,,L1,1
2030,7290027600007,783 - BE מודיעין,מודיעין,מודיעין,מודיעין-מכבים-רעות,,NULL,0
2046,7290027600007,496 - יש חסד כנפי נשרים,כנפי נשרים,כנפינשרים,ירושלים,,NULL,0
2182,7290058140886,בן גוריון גבעתיים,גבעתיים,גבעתיים,גבעתיים,,L1,1
2049,7290027600007,607 - יש חסד מודיעין עלי-ק.ספר,מודיעין,מודיעין,מודיעין עילית,,NULL,0
318,7290027600007,"40 - שלי ב""ש- עומר",באר שבע,באר שבע,באר שבע,,L1,1
18819,7290058134977,36 תל ציון,תל ציון,תל ציון,תל ציון,,L1,1
18820,7290058134977,37 בן קיסמא בית שמש,בית שמש,בית שמש,בית שמש,,L1,1
1169,7290055700007,,אשדוד,אשדוד,אשדוד,,L1,1
2183,7290058140886,מגדיאל הוד השרון,הוד השרון,הוד השרון,הוד השרון,,L1,1
1168,7290055700007,,ראשון לציון,ראשוןלציון,ראשון לציון,,L1,1
2184,7290058140886,סוקולוב הרצליה,הרצלייה,הרצליה,הרצלייה,,L1,1
2186,7290058140886,הנשיא חדרה,חדרה,חדרה,חדרה,,L1,1
319,7290027600007,42 - שלי ירושלים- ניות,ירושלים,ירושלים,ירושלים,,L1,1
2187,7290058140886,שוויצריה סוקולוב,חולון,חולון,חולון,,L1,1
2188,7290058140886,רוטשילד כפר סבא,כפר סבא,כפר סבא,כפר סבא,,L1,1
2055,7290027600007,,חריש,חריש,חריש,,L1,1
2189,7290058140886,הרטום נתניה,נתניה,נתניה,נתניה,,L1,1
2202,7290058140886,בן יהודה תל אביב,תל אביב-יפו,תל אביב,תל אביב-יפו,,L1,1
2203,7290058140886,אסתר המלכה תל אביב,תל אביב-יפו,תל אביב,תל אביב-יפו,,L1,1
2205,7290058140886,שוקן תל אביב,תל אביב-יפו,תל אביב,תל אביב-יפו,,L1,1
4,7290696200003,אורנית,אורנית,אורנית,אורנית,,L1,1
293,7290055700007,קרפור אונליין   כפר סבא @ קרפור (5304),כפר סבא,כפר סבא,כפר סבא,,L1,1
294,7290055700007,@ יהלומים ביתן (9032),גבעתיים,גבעתיים,גבעתיים,,L1,1
322,7290027600007,57 - שלי רמת השרון- אוסישקין,רמת השרון,רמת השרון,רמת השרון,,L1,1
1918,7290027600007,281 - דיל מגדל העמק- המדע,מגדל העמק,מגדלהעמק,מגדל העמק,,L1,1
2172,7290058140886,בית הפירות פסגת זאב,ירושלים,ירושלים,ירושלים,,L1,1
2181,7290058140886,מנחם בגין גבעת שמואל,גבעת שמואל,גבעת שמואל,גבעת שמואל,,L1,1
18827,7290058134977,88 צפניה,ירושלים,ירושלים,ירושלים,,L1,1
2003,7290027600007,675 - BE 61 שרונים,הוד השרון,הודהשרון,הוד השרון,,L1,1
2075,7290027600007,,אילת,אילת,אילת,,L1,1
1926,7290027600007,,מעלות,מעלות,מעלות-תרשיחא,,L2,1
469,7290027600007,131 - אקספרס הוד השרון,הוד השרון,הוד השרון,הוד השרון,,L1,1
982,7290803800003,אור עקיבא -שקמים,אור עקיבא,אור עקיבא,אור עקיבא,,L1,1
1919,7290027600007,,צומת גבעת מרדכי,צומתגבעתמרדכי,חדרה,,L2,1
18839,7290058148776,15 תימורים,תימורים,תימורים,תימורים,,L1,1
462,7290027600007,51 - אקספרס הרצליה,הרצליה,הרצליה,הרצלייה,,L3,0.923
463,7290027600007,,חריש,חריש,חריש,,L1,1
464,7290027600007,,צור משה,צורמשה,צור משה,,L1,1
466,7290027600007,,חולון,חולון,חולון,,L1,1
467,7290027600007,84 - אקספרס בית חשמונאי,בית חשמונאי,ביתחשמונאי,בית חשמונאי,,L1,1
468,7290027600007,127 - אקספרס טירת הכרמל,טירת הכרמל,טירתהכרמל,טירת כרמל,,L3,0.947
474,7290027600007,,באר שבע,באר שבע,באר שבע,,L1,1
476,7290027600007,"179 - שופרסל אקספרס הרוא""ה רמת גן",רמת גן,רמת גן,רמת גן,,L1,1
477,7290027600007,,ראשון לציון,ראשוןלציון,ראשון לציון,,L1,1
478,7290027600007,,רעננה,רעננה,רעננה,,L1,1
480,7290027600007,,חולון,חולון,חולון,,L1,1
482,7290027600007,,פתח תקווה,פתח תקווה,פתח תקווה,,L1,1
486,7290027600007,,קרית טבעון,קריתטבעון,קריית טבעון,,L3,0.952
488,7290027600007,,רחובות,רחובות,רחובות,,L1,1
489,7290027600007,315 - אקספרס כפר נטר,כפר נטר,כפרנטר,כפר נטר,,L1,1
491,7290027600007,318 - אקספרס חולון - וולפסון,חולון,חולון,חולון,,L1,1
492,7290027600007,,נס ציונה,נסציונה,נס ציונה,,L1,1
494,7290027600007,,פתח תקווה,פתח תקווה,פתח תקווה,,L1,1
472,7290027600007,148 - אקספרס מלצר רחובות,רחובות,רחובות,רחובות,,L1,1
475,7290027600007,171 - אקספרס אוסטשינסקי,כפר סבא,כפרסבא,כפר סבא,,L1,1
483,7290027600007,"296 - אקספרס פ""ת רחל המשוררת",פתח תקווה,פתח תקווה,פתח תקווה,,L1,1
1993,7290027600007,660 - סניף רמת השרון,רמת השרון,רמת השרון,רמת השרון,,L1,1
1994,7290027600007,662 - BE בית חולים אשדוד,אשדוד,אשדוד,אשדוד,,L1,1
1995,7290027600007,664 - BE בית חולים שערי צדק ירושלים,ירושלים,ירושלים,ירושלים,,L1,1
1998,7290027600007,668 - BE קריית השרון נתניה,נתניה,נתניה,נתניה,,L1,1
1999,7290027600007,670 - BE (פ.י) איכילוב,תל אביב,תל אביב,תל אביב-יפו,,L2,1
2000,7290027600007,672 - סניף אשדוד סיטי,אשדוד,אשדוד,אשדוד,,L1,1
2001,7290027600007,673 - BE 59 פנורמה חיפה,חיפה,חיפה,חיפה,,L1,1
2002,7290027600007,674 - BE  תל ברוך,תל ברוך,תלברוך,תל אביב-יפו,,NULL,0
2004,7290027600007,676 - BE יוקנעם,יוקנעם,יוקנעם,יקנעם,,NULL,0
461,7290027600007,765 - יש חסד בן איש חי,בית שמש,ביתשמש,בית שמש,,L1,1
500,7290027600007,"348 - אקספרס פ""ת- קק""ל",פתח תקווה,פתח תקווה,פתח תקווה,,L1,1
856,7290103152017,אשקלון בת הדר,אשקלון,אשקלון,אשקלון,,L1,1
501,7290027600007,"360 - אקספרס מאירוביץ ראשל""צ",ראשון לציון,ראשוןלציון,ראשון לציון,,L1,1
519,7290027600007,511 - אקספרס רסקו נצרת,נצרת,נצרת,נצרת,,L1,1
523,7290027600007,599 - אקספרס ההסתדרות,גבעתיים,גבעתיים,גבעתיים,,L1,1
524,7290027600007,757 - אקספרס קריית אונו,קריית אונו,קריית אונו,קריית אונו,,L1,1
526,7290027600007,780 - אקספרס המעפיל רמת גן,רמת גן,רמת גן,רמת גן,,L1,1
1959,7290027600007,518 - Be כפר קרע,כפר קרע,כפרקרע,כפר קרע,,L1,1
1960,7290027600007,601 - BE פרדס חנה,פרדס חנה,פרדסחנה,פרדס חנה-כרכור,,L2,1
1961,7290027600007,602 - BE (פ.י) אשקלון מרינה,אשקלון,אשקלון,אשקלון,,L1,1
1962,7290027600007,613 - BE נהריה,נהריה,נהריה,נהרייה,,L3,0.909
2080,7290027600007,"279 - אקספרס-ת""א דרויאנוב",תל אביב,תל אביב,תל אביב-יפו,,L2,1
18840,7290058148776,16 אפרת,אפרת,אפרת,אפרת,,L1,1
18841,7290058148776,17 אשדוד סיטי,אשדוד,אשדוד,אשדוד,,L1,1
18842,7290058148776,18 נתיבות,נתיבות,נתיבות,נתיבות,,L1,1
18843,7290058148776,19 אור ים,אור עקיבא,אור עקיבא,אור עקיבא,,L1,1
18844,7290058148776,21 רעננה,רעננה,רעננה,רעננה,,L1,1
18845,7290058148776,22 בני ברק ב.ס.ר,בני ברק,בני ברק,בני ברק,,L1,1
18846,7290058148776,23 רמלה נווה דורון,רמלה,רמלה,רמלה,,L1,1
18847,7290058148776,25 חדרה,חדרה,חדרה,חדרה,,L1,1
18848,7290058148776,304 אונליין - רמות,ירושלים,ירושלים,ירושלים,,L1,1
18850,7290058148776,307 אונליין - לב אשדוד,אשדוד,אשדוד,אשדוד,,L1,1
18851,7290058148776,309 אונליין - קרית גת,קרית גת,קריית גת,קריית גת,,L1,1
18852,7290058148776,311 אונליין - כפר סבא,כפר סבא,כפר סבא,כפר סבא,,L1,1
18853,7290058148776,312 אונליין - בני ברק,בני ברק,בני ברק,בני ברק,,L1,1
495,7290027600007,,כפר סבא,כפרסבא,כפר סבא,,L1,1
498,7290027600007,,רמת גן,רמת גן,רמת גן,,L1,1
499,7290027600007,,גדרה,גדרה,גדרה,,L1,1
506,7290027600007,,גבעתיים,גבעתיים,גבעתיים,,L1,1
507,7290027600007,,קריית ביאליק,קריית ביאליק,קריית ביאליק,,L1,1
511,7290027600007,,אלקנה,אלקנה,אלקנה,,L1,1
512,7290027600007,,כפר סבא,כפר סבא,כפר סבא,,L1,1
513,7290027600007,,עפולה,עפולה,עפולה,,L1,1
522,7290027600007,598 - אקספרס הירדן,רמת גן,רמתגן,רמת גן,,L1,1
525,7290027600007,,ראשון לציון,ראשוןלציון,ראשון לציון,,L1,1
1963,7290027600007,614 - BE נתניה,נתניה,נתניה,נתניה,,L1,1
1964,7290027600007,617 - BE נצרת,נצרת,נצרת,נצרת,,L1,1
1965,7290027600007,618 - BE ראשון לציון,ראשון לציון,ראשון לציון,ראשון לציון,,L1,1
1967,7290027600007,621 - BE סינמה סיטי נתניה,נתניה,נתניה,נתניה,,L1,1
1889,7290027600007,188 - דיל ירוחם- צבי בורנשטיין,ירוחם,ירוחם,ירוחם,,L1,1
1905,7290027600007,240 - דיל רהט,רהט,רהט,רהט,,L1,1
546,7290027600007,3 - שלי גבעתיים- סירקין,גבעתיים,גבעתיים,גבעתיים,,L1,1
547,7290027600007,4 - שלי חיפה- כרמל,חיפה,חיפה,חיפה,,L1,1
556,7290027600007,271 - שלי רחובות- יעקובי,רחובות,רחובות,רחובות,,L1,1
5698,7290027600007,"380 - אקספרס ת""א- מרמורק",תל אביב,תל אביב,תל אביב-יפו,,L2,1
843,7290103152017,מגדל העמק,מגדל העמק,מגדל העמק,מגדל העמק,,L1,1
562,7290027600007,73 - יש חסד אשדוד,אשדוד,אשדוד,אשדוד,,L1,1
539,7290027600007,78 - יש הר נוף ירושלים-שאולזו,ירושלים,ירושלים,ירושלים,,L1,1
1969,7290027600007,631 - סניף וולפסון,חולון,חולון,חולון,,L1,1
2005,7290027600007,677 - BE הרצליה,הרצליה,הרצליה,הרצלייה,,L3,0.923
536,7290027600007,"269 - יוניברס פ""ת- סגולה",פתח תקווה,פתח תקווה,פתח תקווה,,L1,1
548,7290027600007,9 - שלי נתניה- ויצמן,נתניה,נתניה,נתניה,,L1,1
549,7290027600007,19 - שלי חיפה- זיו,חיפה,חיפה,חיפה,,L1,1
516,7290027600007,477 - אקספרס הציפורים מודיעין,תל אביב,תל אביב,תל אביב-יפו,,L2,1
845,7290103152017,קרית ביאליק,קריית ביאליק,קריית ביאליק,קריית ביאליק,,L1,1
2062,7290027600007,,באר שבע,באר שבע,באר שבע,,L1,1
2079,7290027600007,,הרצליה,הרצליה,הרצלייה,,L3,0.923
846,7290103152017,כנות,כנות,כנות,כנות,,L1,1
528,7290027600007,845 - אקספרס נחשון כפר סבא,כפר סבא,כפר סבא,כפר סבא,,L1,1
529,7290027600007,,אור ים,אורים,אורים,,L1,1
531,7290027600007,,נס ציונה,נסציונה,נס ציונה,,L1,1
533,7290027600007,,אשקלון,אשקלון,אשקלון,,L1,1
534,7290027600007,,קרית ביאליק,קריתביאליק,קריית ביאליק,,L3,0.957
535,7290027600007,,ראשון לציון,ראשוןלציון,ראשון לציון,,L1,1
538,7290027600007,21 - יש מרים ירושלים-  פארן,ירושלים,ירושלים,ירושלים,,L1,1
542,7290027600007,"753 - גוד מרקט רש""י ירושלים",ירושלים,ירושלים,ירושלים,,L1,1
543,7290027600007,771 - גוד מרקט בני ברק,בני ברק,בני ברק,בני ברק,,L1,1
544,7290027600007,161 - המפיץ סיטונאות אשדוד,אשדוד,אשדוד,אשדוד,,L1,1
545,7290027600007,,באר שבע,באר שבע,באר שבע,,L1,1
847,7290103152017,אשדוד,אשדוד,אשדוד,אשדוד,,L1,1
848,7290103152017,פתח תקווה - סגולה,פתח תקווה,פתח תקווה,פתח תקווה,,L1,1
849,7290103152017,בני ברק,בני ברק,בני ברק,בני ברק,,L1,1
850,7290103152017,באר שבע,באר שבע,באר שבע,באר שבע,,L1,1
550,7290027600007,20 - שלי רחובות- הרצל,רחובות,רחובות,רחובות,,L1,1
551,7290027600007,27 - שלי רעננה- אחוזה,רעננה,רעננה,רעננה,,L1,1
552,7290027600007,34 - שלי רמת השרון- סוקולוב,רמת השרון,רמת השרון,רמת השרון,,L1,1
327,7290027600007,93 - שלי יהוד- סביונים,יהוד,יהוד,יהוד-מונוסון,,L2,1
510,7290027600007,,אם המושבות,אםהמושבות,פתח תקווה,,NULL,0
514,7290027600007,398 - אקספרס אגמים,אגמים,אגמים,אשקלון,,NULL,0
553,7290027600007,116 - שלי גבעתיים- מכתש,גבעתיים,גבעתיים,גבעתיים,,L1,1
555,7290027600007,232 - שלי צפת- מ.מסחר רמת רזים,צפת,צפת,צפת,,L1,1
851,7290103152017,חדרה,חדרה,חדרה,חדרה,,L1,1
857,7290103152017,נתניה,נתניה,נתניה,נתניה,,L1,1
858,7290103152017,תל אביב,תל אביב-יפו,תל אביב,תל אביב-יפו,,L1,1
447,7290027600007,178 - BE סגולה פתח תקווה,פתח תקווה,פתח תקווה,פתח תקווה,,L1,1
448,7290027600007,620 - BE מלכת שבא אילת,אילת,אילת,אילת,,L1,1
2072,7290027600007,186 - אקספרס התשבי,חיפה,חיפה,חיפה,,L1,1
2103,7290027600007,362 - אקספרס קרן היסוד ירושלים,ירושלים,ירושלים,ירושלים,,L1,1
5699,7290027600007,"382 - אקספרס פ""ת- היבנר",פתח תקווה,פתח תקווה,פתח תקווה,,L1,1
21845,7290876100000,פרשמרקט יהוד,יהוד,יהוד,יהוד-מונוסון,,L2,1
5705,7290027600007,393 - אקספרס להבים באר שבע,באר שבע,באר שבע,באר שבע,,L1,1
449,7290027600007,637 - BE רעננה,רעננה,רעננה,רעננה,,L1,1
450,7290027600007,642 - BE אלונים- טבעון,קריית טבעון,קרייתטבעון,קריית טבעון,,L1,1
2139,7290058140886,אשקלון,אשקלון,אשקלון,אשקלון,,L1,1
844,7290103152017,גבעת שאול,ירושלים,ירושלים,ירושלים,,L1,1
852,7290103152017,בית שמש - גליל,בית שמש,בית שמש,בית שמש,,L1,1
853,7290103152017,ביתר עילית,ביתר עילית,ביתר עילית,ביתר עילית,,L1,1
2,7290696200003,גדרה,גדרה,גדרה,גדרה,,L1,1
977,7290803800003,שדרות,שדרות,שדרות,שדרות,,L1,1
978,7290803800003,גדרה,גדרה,גדרה,גדרה,,L1,1
984,7290803800003,חולון המרכבה,חולון,חולון,חולון,,L1,1
988,7290785400000,נהריה,נהריה,נהריה,נהרייה,,L3,0.909
989,7290785400000,נשר,נשר,נשר,נשר,,L1,1
990,7290785400000,הדר,חיפה,חיפה,חיפה,,L1,1
992,7290785400000,נוף הגליל,נוף הגליל,נוף הגליל,נוף הגליל,,L1,1
995,7290785400000,ראשון לציון,ראשון לציון,ראשון לציון,ראשון לציון,,L1,1
997,7290785400000,כרמיאל,כרמיאל,כרמיאל,כרמיאל,,L1,1
1000,7290785400000,באר שבע,באר שבע,באר שבע,באר שבע,,L1,1
1001,7290785400000,כפר סבא,כפר סבא,כפר סבא,כפר סבא,,L1,1
1002,7290785400000,פתח תקווה,פתח תקווה,פתח תקווה,פתח תקווה,,L1,1
1003,7290785400000,עכו,עכו,עכו,עכו,,L1,1
1004,7290785400000,אשדוד,אשדוד,אשדוד,אשדוד,,L1,1
1005,7290785400000,עפולה,עפולה,עפולה,עפולה,,L1,1
1006,7290785400000,ראשון לציון מערב,ראשון לציון,ראשון לציון,ראשון לציון,,L1,1
1007,7290785400000,חדרה חדש,חדרה,חדרה,חדרה,,L1,1
5709,7290027600007,400 - אקספרסשבזי ראש העין,ראש העין,ראש העין,ראש העין,,L1,1
2141,7290058140886,נתניה חדש,נתניה,נתניה,נתניה,,L1,1
2158,7290058140886,עזריאלי חיפה,חיפה,חיפה,חיפה,,L1,1
19248,7290027600007,"444 - אקספרס.ב""ש אביסרור",באר שבע,באר שבע,באר שבע,,L1,1
19261,7290027600007,741 - אקספרס יצחק רבין,,,קריית אונו,,L2,1
10759,7290027600007,306 - יש נוה שאנן חיפה- חניתה,חיפה,חיפה,חיפה,,L1,1
2160,7290058140886,רמלה,רמלה,רמלה,רמלה,,L1,1
2161,7290058140886,כרמי גת,קריית גת,קריית גת,קריית גת,,L1,1
2162,7290058140886,צק פוסט,חיפה,חיפה,חיפה,,L1,1
8566,7290027600007,207 - יש אור יהודה - אליהו סעדו,,,אור יהודה,,L2,1
2163,7290058140886,ביג באר שבע החדש,באר שבע,באר שבע,באר שבע,,L1,1
12162,7290027600007,314 - יש חיפה- צרפת,חיפה,חיפה,חיפה,,L1,1
502,7290027600007,368 - אקספרס-נשר מרגנית,נשר,נשר,נשר,,L1,1
503,7290027600007,,בת ים,בת ים,בת ים,,L1,1
504,7290027600007,"375 - אקספרס כ""ס- הגליל",כפר סבא,כפרסבא,כפר סבא,,L1,1
505,7290027600007,,רעננה,רעננה,רעננה,,L1,1
515,7290027600007,,רחובות,רחובות,רחובות,,L1,1
2175,7290058140886,בית הפירות קריית יוב,ירושלים,ירושלים,ירושלים,,L1,1
2176,7290058140886,ב.הפירות ארמון הנציב,ירושלים,ירושלים,ירושלים,,L1,1
2177,7290058140886,עזריאלי אור יהודה,אור יהודה,אור יהודה,אור יהודה,,L1,1
2178,7290058140886,שבט לוי אשדוד,אשדוד,אשדוד,אשדוד,,L1,1
2179,7290058140886,אלי כהן אשקלון,אשקלון,אשקלון,אשקלון,,L1,1
2180,7290058140886,רגר באר שבע,באר שבע,באר שבע,באר שבע,,L1,1
2185,7290058140886,הרצל חדרה,חדרה,חדרה,חדרה,,L1,1
2192,7290058140886,הארז פרדסיה,פרדסייה,פרדסייה,פרדסייה,,L1,1
2193,7290058140886,קניון אבנת פתח תקווה,פתח תקווה,פתח תקווה,פתח תקווה,,L1,1
2204,7290058140886,החשמונאים תל אביב,תל אביב-יפו,תל אביב,תל אביב-יפו,,L1,1
854,7290103152017,עפולה,עפולה,עפולה,עפולה,,L1,1
259,7290055700007,קרפור מרקט  אשדוד ח (2840),אשדוד,אשדוד,אשדוד,,L1,1
383,7290027600007,"113 - דיל ראשל""צ- גולדה מאיר",ראשון לציון,ראשוןלציון,ראשון לציון,,L1,1
21859,7290876100000,מחסני להב נוף הגליל,נצרת עילית,נצרת עילית,נוף הגליל,,NULL,0
1970,7290027600007,633 - BE נשר תל-חנן,נשר,נשר,נשר,,L1,1
855,7290103152017,לוד,לוד,לוד,לוד,,L1,1
1957,7290027600007,485 - BE אשדוד בלה,אשדוד,אשדוד,אשדוד,,L1,1
6,7290696200003,"הארבעה ת""א",תל אביב,תל אביב,תל אביב-יפו,,L2,1
21836,7290876100000,פרשמרקט גליל ים,גליל ים,גליל ים,גליל ים,,L1,1
21837,7290876100000,פרשמרקט הנדיב,הרצלייה,הרצליה,הרצלייה,,L1,1
21838,7290876100000,היפר דודו שוק,פתח תקווה,פתח תקווה,פתח תקווה,,L1,1
21839,7290876100000,פרשמרקט אזורי חו,תל אביב-יפו,תל אביב,תל אביב-יפו,,L1,1
21840,7290876100000,פרשמרקט קריות זול-בי,קריית ביאליק,קריית ביאליק,קריית ביאליק,,L1,1
21841,7290876100000,מחסני מזון טירת הכרמ,טירת כרמל,טירת כרמל,טירת כרמל,,L1,1
21842,7290876100000,טיפ טוב אשר ברש,הרצלייה,הרצליה,הרצלייה,,L1,1
21843,7290876100000,טיפ טוב גולומב,הרצלייה,הרצליה,הרצלייה,,L1,1
21844,7290876100000,היפר דודו באר יעקב,באר יעקב,באר יעקב,באר יעקב,,L1,1
21846,7290876100000,פרשמרקט רעננה,רעננה,רעננה,רעננה,,L1,1
9,7290696200003,פלורנטין,תל אביב,תל אביב,תל אביב-יפו,,L2,1
20,7290696200003,סיטי רוטשילד,סיטי רוטשילד,סיטי רוטשילד,תל אביב-יפו,,NULL,0
21,7290696200003,מוצקין,מוצקין,מוצקין,קריית מוצקין,,NULL,0
22,7290696200003,סיטי אחד העם,אחד העם,אחד העם,תל אביב-יפו,,NULL,0
39,7290696200003,סיטי מרגוזה,סיטי מרגוזה,סיטי מרגוזה,תל אביב-יפו,,NULL,0
43,7290696200003,דיזנגוף,דיזנגוף,דיזנגוף,תל אביב-יפו,,NULL,0
44,7290696200003,סיטי יהודה הלוי,סיטי יהודה הלוי,סיטי יהודה הלוי,תל אביב-יפו,,NULL,0
50,7290696200003,שבעת הכוכבים,שבעת הכוכבים,שבעת הכוכבים,הרצלייה,,NULL,0
51,7290696200003,סיטי ויצמן,סיטי ויצמן,סיטי ויצמן,תל אביב-יפו,,NULL,0
56,7290696200003,"פארק אפק ר""ע","פארק אפק ר""ע","פארק אפק ר""ע",ראש העין,,NULL,0
63,7290696200003,מלחה,מלחה,מלחה,ירושלים,,NULL,0
71,7290696200003,אינטרנט,אינטרנט,אינטרנט,אונליין,,NULL,0
155,7290055700007,קרפור מרקט  מעלות,מעלות,מעלות,מעלות-תרשיחא,,L2,1
157,7290055700007,קרפור היפר דליית אל כרמל,דליית אל כרמל,דליית אל כרמל,דאלית אל-כרמל,,NULL,0
270,7290055700007,קרפור סיטי  מזכרת בתיה (3440),מזכרת בתיה,מזכרת בתיה,מזכרת בתיה,,L1,1
1991,7290027600007,658 - BE קריית אתא,קריית אתא,קריית אתא,קריית אתא,,L1,1
387,7290027600007,121 - יוניברס נהריה- לוחמי הגטאות,נהריה,נהריה,נהרייה,,L3,0.909
305,7290027600007,"7 - שלי ת""א- ארלוזורוב",תל אביב,תל אביב,תל אביב-יפו,,L2,1
296,7290027600007,750 - גוד מרקט שירת הים,שירת הים,שירתהים,ירושלים,,NULL,0
302,7290027600007,"1 - שלי ת""א- בן יהודה",תל אביב,תל אביב,תל אביב-יפו,,L2,1
306,7290027600007,"11 - שלי ת""א- נורדאו",תל אביב,תל אביב,תל אביב-יפו,,L2,1
311,7290027600007,"28 - שלי ת""א- צה""ל",תל אביב,תל אביב,תל אביב-יפו,,L2,1
325,7290027600007,72 - שלי רעות,רעות,רעות,מודיעין-מכבים-רעות,,NULL,0
333,7290027600007,117 - שלי תל אביב-איכילוב,תל אביב,תל אביב,תל אביב-יפו,,L2,1
348,7290027600007,310 - שלי קרית חיים- דגניה,קרית חיים,קריתחיים,חיפה,,NULL,0
349,7290027600007,"313 - שלי קרית חיים-אח""י אילת",קרית חיים,קריתחיים,חיפה,,NULL,0
199,7290055700007,קרפור סיטי רמת יוסף,בת ים,בת ים,בת ים,,L1,1
369,7290027600007,68 - דיל כורדני,כורדני,כורדני,קריית מוצקין,,NULL,0
375,7290027600007,91 - יוניברס עמק חפר- אזור תעשיה,עמק חפר,עמקחפר,חדרה,,NULL,0
386,7290027600007,119 - דיל מודיעין- סנטר,מודיעין,מודיעין,מודיעין-מכבים-רעות,,NULL,0
471,7290027600007,,זכרון,זכרון,זכרון יעקב,,NULL,0
242,7290055700007,קרפור סיטי  אבן יהודה (2180),אבן יהודה,אבן יהודה,אבן יהודה,,L1,1
453,7290027600007,81 - יש חסד מודיעין עלית דרום,מודיעין,מודיעין,מודיעין-מכבים-רעות,,NULL,0
435,7290027600007,"283 - יוניברס קרית עקרון- ביל""ו",עקרון,עקרון,קריית עקרון,,NULL,0
410,7290027600007,190 - דיל חצור- הגלילית,חצור,חצור,חצור הגלילית,,NULL,0
412,7290027600007,205 - יוניברס יהוד- אלטלף,יהוד,יהוד,יהוד-מונוסון,,L2,1
421,7290027600007,"229 - דיל ת""א- יגאל אלון",תל אביב,תל אביב,תל אביב-יפו,,L2,1
430,7290027600007,,כרמי גת,כרמיגת,קריית גת,,NULL,0
445,7290027600007,854 - דיל גבעת אלונים,גבעת אלונים,גבעתאלונים,קריית אתא,,NULL,0
470,7290027600007,140 - אקספרס תל חי,תל חי,תלחי,כפר סבא,,NULL,0
473,7290027600007,"150 - אקספרס רודנסקי ת""א",תל אביב,תל אביב,תל אביב-יפו,,L2,1
479,7290027600007,,תל אביב,תל אביב,תל אביב-יפו,,L2,1
481,7290027600007,,תל אביב,תל אביב,תל אביב-יפו,,L2,1
487,7290027600007,,תל אביב,תל אביב,תל אביב-יפו,,L2,1
508,7290027600007,,תל אביב,תל אביב,תל אביב-יפו,,L2,1
485,7290027600007,301 - אקספרס אחי מאיר,תל אביב,תל אביב,תל אביב-יפו,,L2,1
496,7290027600007,338 - אקספרס כוכב הצפון,כוכב הצפון,כוכבהצפון,תל אביב-יפו,,NULL,0
497,7290027600007,"340 - אקספרס ת""א- זריצקי",תל אביב,תל אביב,תל אביב-יפו,,L2,1
530,7290027600007,71 - יוניברס תל חנן  נשר,תל חנן,תלחנן,חיפה,,NULL,0
527,7290027600007,,תל אביב,תל אביב,תל אביב-יפו,,L2,1
301,7290027600007,752 - אקספרס כפר סבא דוכיפת,כפר סבא,כפר סבא,כפר סבא,,L1,1
303,7290027600007,2 - שלי ירושלים- אגרון,ירושלים,ירושלים,ירושלים,,L1,1
304,7290027600007,5 - שלי ירושלים- יובל,ירושלים,ירושלים,ירושלים,,L1,1
307,7290027600007,17 - שלי חיפה- חורב,חיפה,חיפה,חיפה,,L1,1
509,7290027600007,,דניה,דניה,חיפה,,NULL,0
518,7290027600007,489 - אקספרס מודיעין,מודיעין,מודיעין,מודיעין-מכבים-רעות,,NULL,0
521,7290027600007,,אבן גבירול,אבןגבירול,תל אביב-יפו,,NULL,0
532,7290027600007,,מודיעין,מודיעין,מודיעין-מכבים-רעות,,NULL,0
372,7290027600007,"83 - דיל ב""ש- שאול המלך",באר שבע,באר שבע,באר שבע,,L1,1
363,7290027600007,13 - יוניברס בית שמש- העליה,בית שמש,בית שמש,בית שמש,,L1,1
368,7290027600007,"65 - דיל ב""ש- צ'ורלי",באר שבע,באר שבע,באר שבע,,L1,1
393,7290027600007,139 - דיל צפת-  דובק ויצמן,צפת,צפת,צפת,,L1,1
1992,7290027600007,659 - BE  הדר,חיפה,חיפה,חיפה,,L1,1
2019,7290027600007,714 - Be סכנין,סכנין,סכנין,סח'נין,,L2,1
360,7290027600007,374 - שלי הרצליה- הבנים,הרצליה,הרצליה,הרצלייה,,L3,0.923
361,7290027600007,756 - שלי באר יעקב,באר יעקב,באריעקב,באר יעקב,,L1,1
362,7290027600007,760 - שלי ראש העין,ראש העין,ראש העין,ראש העין,,L1,1
364,7290027600007,14 - דיל ברנע אשקלון,אשקלון,אשקלון,אשקלון,,L1,1
365,7290027600007,18 - דיל חולון-קרן היסוד,חולון,חולון,חולון,,L1,1
366,7290027600007,35 - יוניברס באר שבע וולפסון,באר שבע,באר שבע,באר שבע,,L1,1
367,7290027600007,"49 - דיל ב""ש- הר בוקר",באר שבע,באר שבע,באר שבע,,L1,1
370,7290027600007,76 - דיל אריאל,אריאל,אריאל,אריאל,,L1,1
371,7290027600007,77 - דיל  חריש,חריש,חריש,חריש,,L1,1
561,7290027600007,141 - דיל יוקנעם- שדרות רבין,יוקנעם,יוקנעם,יקנעם,,NULL,0
972,7290803800003,אשקלון ברנע,אשקלון,אשקלון,אשקלון,,L1,1
973,7290803800003,קניון הבאר,ראשון לציון,ראשוןלציון,ראשון לציון,,L1,1
980,7290803800003,"ת""א - אחד העם",תל אביב,תל אביב,תל אביב-יפו,,L2,1
985,7290803800003,מישור אדומים פיק אפ,מישור אדומים,מישור אדומים,ירושלים,,NULL,0
991,7290785400000,קרית אליעזר,תל אביב,תל אביב,תל אביב-יפו,,L2,1
18829,7290058148776,4 רמות,ירושלים,ירושלים,ירושלים,,L1,1
993,7290785400000,גבעת רם,גבעת רם,גבעת רם,ירושלים,,NULL,0
994,7290785400000,יוקנעם,יוקנעם,יוקנעם,יקנעם,,NULL,0
996,7290785400000,פולג,פולג,פולג,נתניה,,NULL,0
998,7290785400000,קרית חיים,קרית חיים,קרית חיים,חיפה,,NULL,0
999,7290785400000,בילו,בילו,בילו,קריית עקרון,,NULL,0
1011,7290785400000,קולינריק מודיעין,מודיעין,מודיעין,מודיעין-מכבים-רעות,,NULL,0
1012,7290785400000,"ממ""ר קרית חיים",קרית חיים,קרית חיים,חיפה,,NULL,0
258,7290055700007,"קרפור  עמישב פ""ת (2750)",פתח תקווה,פתח תקווה,פתח תקווה,,L1,1
260,7290055700007,קרפור סיטי  נוף זכרון (2960),זכרון יעקב,זכרון יעקב,זכרון יעקב,,L1,1
261,7290055700007,קרפור סיטי  צפון באר-שבע (2976),באר שבע,באר שבע,באר שבע,,L1,1
262,7290055700007,קרפור מרקט בית אליעזר (3020),חדרה,חדרה,חדרה,,L1,1
2159,7290058140886,חדרה ויוה,חדרה,חדרה,חדרה,,L1,1
389,7290027600007,123 - דיל חולון- גולדה,חולון,חולון,חולון,,L1,1
14,7290696200003,עכו,עכו,עכו,עכו,,L1,1
161,7290055700007,קרפור מרקט  אשדוד בסיטי ש.ש.ה,אשדוד,אשדוד,אשדוד,,L1,1
298,7290027600007,199 - דיל בת ים- בלפור,בת ים,בת ים,בת ים,,L1,1
390,7290027600007,124 - יוניברס בת ים- אורט ישראל,בת ים,בת ים,בת ים,,L1,1
493,7290027600007,,חיפה,חיפה,חיפה,,L1,1
554,7290027600007,228 - שלי בנימינה - הגביע,בנימינה,בנימינה,בנימינה-גבעת עדה,,L2,1
391,7290027600007,128 - יוניברס טירת הכרמל- נחום חת,טירת הכרמל,טירתהכרמל,טירת כרמל,,L3,0.947
392,7290027600007,129 - יוניברס נתניה- המלאכה,נתניה,נתניה,נתניה,,L1,1
2206,7290058140886,בן יהודה תל אביב,תל אביב-יפו,תל אביב,תל אביב-יפו,,L1,1
452,7290027600007,,יבנה,יבנה,יבנה,,L1,1
406,7290027600007,182 - יוניברס דימונה- גולדה מאיר,דימונה,דימונה,דימונה,,L1,1
414,7290027600007,209 - דיל אשקלון- רוטשילד,אשקלון,אשקלון,אשקלון,,L1,1
418,7290027600007,218 - יוניברס עפולה- יצחק רבין,עפולה,עפולה,עפולה,,L1,1
457,7290027600007,349 - יש חסד צפת- כנען,צפת,צפת,צפת,,L1,1
451,7290027600007,657 - Be קריית שמונה,קריית שמונה,קריית שמונה,קריית שמונה,,L1,1
454,7290027600007,219 - יש חסד בני ברק- עזרא,בני ברק,בני ברק,בני ברק,,L1,1
455,7290027600007,295 - יש חסד בני ברק-שלמה המלך,בני ברק,בני ברק,בני ברק,,L1,1
382,7290027600007,"110 - דיל הפארק ב""ש",באר שבע,באר שבע,באר שבע,,L1,1
394,7290027600007,142 - דיל זכרון- המייסדים,זכרון יעקב,זכרון יעקב,זכרון יעקב,,L1,1
395,7290027600007,144 - דיל שבירו כפר סבא,כפר סבא,כפר סבא,כפר סבא,,L1,1
396,7290027600007,151 - דיל רעננה- קניון רננים,רעננה,רעננה,רעננה,,L1,1
397,7290027600007,152 - דיל ערד- ישפרו המנוף,ערד,ערד,ערד,,L1,1
398,7290027600007,153 - דיל אופקים- ז'בוטינסקי,אופקים,אופקים,אופקים,,L1,1
399,7290027600007,155 - דיל צור יגאל- מרכז מסחרי,צור יגאל,צוריגאל,צוריאל,,L3,0.857
400,7290027600007,159 - דיל רמת הנשיא חיפה,חיפה,חיפה,חיפה,,L1,1
401,7290027600007,166 - יוניברס אקסטרה  אשדוד- הבושם,אשדוד,אשדוד,אשדוד,,L1,1
402,7290027600007,173 - דיל כפר יונה,כפר יונה,כפריונה,כפר יונה,,L1,1
403,7290027600007,174 - דיל ערד- קניון,ערד,ערד,ערד,,L1,1
404,7290027600007,180 - דיל ק.מוצקין- בן גוריון,קרית מוצקין,קריתמוצקין,קריית מוצקין,,L3,0.957
405,7290027600007,181 - דיל אשקלון- רמז,אשקלון,אשקלון,אשקלון,,L1,1
407,7290027600007,183 - דילאשדוד- הרצל,אשדוד,אשדוד,אשדוד,,L1,1
408,7290027600007,187 - דיל קניון מעלה אדומים,מעלה אדומים,מעלהאדומים,מעלה אדומים,,L1,1
411,7290027600007,203 - יוניברס רמלה לוד- הצופית,לוד,לוד,לוד,,L1,1
413,7290027600007,208 - דיל אילת נחל אורה,אילת,אילת,אילת,,L1,1
415,7290027600007,211 - יוניברס כרמיאל- אזור התעשיה,כרמיאל,כרמיאל,כרמיאל,,L1,1
416,7290027600007,214 - יוניברס קרית גת- מלכי ישראל,קריית גת,קריית גת,קריית גת,,L1,1
417,7290027600007,215 - דיל בית שאן-ירושלים הבירה,ירושלים,ירושלים,ירושלים,,L1,1
419,7290027600007,"222 - דיל רמות ב""ש ב'",באר שבע,באר שבע,באר שבע,,L1,1
420,7290027600007,227 - דיל-איקאה קרית אתא,קרית אתא,קריתאתא,קריית אתא,,L3,0.941
465,7290027600007,,חריש,חריש,חריש,,L1,1
424,7290027600007,244 - יוניברס גלילות רמת השרון,רמת השרון,רמת השרון,רמת השרון,,L1,1
426,7290027600007,"248 - דיל ב""ש- נווה מנחם",באר שבע,באר שבע,באר שבע,,L1,1
436,7290027600007,"290 - דיל  פ""ת- יכין סנטר",פתח תקווה,פתח תקווה,פתח תקווה,,L1,1
441,7290027600007,350 - דיל גבעת אולגה-הרב ניסים,גבעת אולגה,גבעתאולגה,גבעת אלה,,L3,0.889
443,7290027600007,396 - דיל הקדר נתניה,נתניה,נתניה,נתניה,,L1,1
446,7290027600007,176 - שערי רווחה ירושלים,ירושלים,ירושלים,ירושלים,,L1,1
422,7290027600007,238 - דיל באר יעקב,באר יעקב,באריעקב,באר יעקב,,L1,1
423,7290027600007,241 - יוניברס בני ברק איילון,בני ברק,בני ברק,בני ברק,,L1,1
425,7290027600007,245 - דיל ירושלים- פסגת זאב,ירושלים,ירושלים,ירושלים,,L1,1
427,7290027600007,249 - דיל נתניה- פולג,נתניה,נתניה,נתניה,,L1,1
428,7290027600007,250 - קריית שמונה,קריית שמונה,קריית שמונה,קריית שמונה,,L1,1
429,7290027600007,251 - יוניברס עפולה- כורש,עפולה,עפולה,עפולה,,L1,1
979,7290803800003,רעננה,רעננה,רעננה,רעננה,,L1,1
981,7290803800003,נתיבות מנהטן,נתיבות,נתיבות,נתיבות,,L1,1
431,7290027600007,,כפר תבור,כפרתבור,כפר תבור,,L1,1
432,7290027600007,,כפר סבא,כפרסבא,כפר סבא,,L1,1
433,7290027600007,,ירושלים,ירושלים,ירושלים,,L1,1
434,7290027600007,,קצרין,קצרין,קצרין,,L1,1
437,7290027600007,,חיפה,חיפה,חיפה,,L1,1
438,7290027600007,,אשדוד,אשדוד,אשדוד,,L1,1
439,7290027600007,,טבריה,טבריה,טבריה,,L1,1
440,7290027600007,342 - דיל כרמיאל-קניון לב,כרמיאל,כרמיאל,כרמיאל,,L1,1
442,7290027600007,361 - דיל מגדל העמק- א ת דרומי,מגדל העמק,מגדלהעמק,מגדל העמק,,L1,1
444,7290027600007,,רמלה,רמלה,רמלה,,L1,1
1008,7290785400000,קולינריק קרית אונו,קרית אונו,קרית אונו,קריית אונו,,L3,0.947
1009,7290785400000,קולינריק חורב,חיפה,חיפה,חיפה,,L1,1
1010,7290785400000,קולינריק רמת גן,רמת גן,רמת גן,רמת גן,,L1,1
1013,7290785400000,"ממ""ר פתח תקווה",פתח תקווה,פתח תקווה,פתח תקווה,,L1,1
1014,7290785400000,באר שבע וולט,באר שבע,באר שבע,באר שבע,,L1,1
,,,,,,,,
,,,,,,,,
,,,,,,,,
,,,,,,,,
,,,,,,,,
,,,,,,,,
,,,,,,,,
